CREATE DATABASE  IF NOT EXISTS `DBgame` /*!40100 DEFAULT CHARACTER SET utf16 */;
USE `DBgame`;
-- MySQL dump 10.13  Distrib 5.6.24, for osx10.8 (x86_64)
--
-- Host: 127.0.0.1    Database: DBgame
-- ------------------------------------------------------
-- Server version	5.6.26

/*!40101 SET @OLD_CHARACTER_SET_CLIENT=@@CHARACTER_SET_CLIENT */;
/*!40101 SET @OLD_CHARACTER_SET_RESULTS=@@CHARACTER_SET_RESULTS */;
/*!40101 SET @OLD_COLLATION_CONNECTION=@@COLLATION_CONNECTION */;
/*!40101 SET NAMES utf8 */;
/*!40103 SET @OLD_TIME_ZONE=@@TIME_ZONE */;
/*!40103 SET TIME_ZONE='+00:00' */;
/*!40014 SET @OLD_UNIQUE_CHECKS=@@UNIQUE_CHECKS, UNIQUE_CHECKS=0 */;
/*!40014 SET @OLD_FOREIGN_KEY_CHECKS=@@FOREIGN_KEY_CHECKS, FOREIGN_KEY_CHECKS=0 */;
/*!40101 SET @OLD_SQL_MODE=@@SQL_MODE, SQL_MODE='NO_AUTO_VALUE_ON_ZERO' */;
/*!40111 SET @OLD_SQL_NOTES=@@SQL_NOTES, SQL_NOTES=0 */;

--
-- Table structure for table `HumanPlayer`
--

DROP TABLE IF EXISTS `HumanPlayer`;
/*!40101 SET @saved_cs_client     = @@character_set_client */;
/*!40101 SET character_set_client = utf8 */;
CREATE TABLE `HumanPlayer` (
  `ID` int(11) NOT NULL,
  `dateBirth` date DEFAULT NULL,
  `username` varchar(255) DEFAULT NULL,
  `mode` varchar(255) DEFAULT NULL,
  PRIMARY KEY (`ID`)
) ENGINE=InnoDB DEFAULT CHARSET=utf16;
/*!40101 SET character_set_client = @saved_cs_client */;

--
-- Dumping data for table `HumanPlayer`
--

LOCK TABLES `HumanPlayer` WRITE;
/*!40000 ALTER TABLE `HumanPlayer` DISABLE KEYS */;
INSERT INTO `HumanPlayer` VALUES (3126,'1988-06-28','PlayerB','free'),(3135,'1991-10-31','PlayerA','free'),(3791,'1988-06-28','PlayerB','sinusoidal'),(3800,'1991-10-31','PlayerA','sinusoidal');
/*!40000 ALTER TABLE `HumanPlayer` ENABLE KEYS */;
UNLOCK TABLES;

--
-- Table structure for table `SignatureElement`
--

DROP TABLE IF EXISTS `SignatureElement`;
/*!40101 SET @saved_cs_client     = @@character_set_client */;
/*!40101 SET character_set_client = utf8 */;
CREATE TABLE `SignatureElement` (
  `ID` int(11) NOT NULL AUTO_INCREMENT,
  `elementPos` float DEFAULT NULL,
  `elementVel` float DEFAULT NULL,
  `indexSamples` int(11) DEFAULT NULL,
  `idSignature` int(11) DEFAULT NULL,
  PRIMARY KEY (`ID`),
  KEY `FK_52u2rufj4ebn68kkl2fs9wgyx` (`idSignature`),
  CONSTRAINT `FK_52u2rufj4ebn68kkl2fs9wgyx` FOREIGN KEY (`idSignature`) REFERENCES `Signatures` (`ID`)
) ENGINE=InnoDB AUTO_INCREMENT=2401 DEFAULT CHARSET=utf16;
/*!40101 SET character_set_client = @saved_cs_client */;

--
-- Dumping data for table `SignatureElement`
--

LOCK TABLES `SignatureElement` WRITE;
/*!40000 ALTER TABLE `SignatureElement` DISABLE KEYS */;
INSERT INTO `SignatureElement` VALUES (1,3.5875,3.5875,0,1),(2,3.325,-2.625,1,1),(3,3.1,-2.24999,2,1),(4,2.65,-4.5,3,1),(5,2.1875,-4.625,4,1),(6,1.9875,-2,5,1),(7,1.625,-3.625,6,1),(8,1.35,-2.75,7,1),(9,1.3125,-0.374999,8,1),(10,1.85,5.375,9,1),(11,2.5625,7.125,10,1),(12,3.2625,7,11,1),(13,3.325,0.625,12,1),(14,3.55,2.25,13,1),(15,3.6125,0.625,14,1),(16,3.6125,0,15,1),(17,3.4875,-1.25,16,1),(18,2.975,-5.125,17,1),(19,2.3625,-6.125,18,1),(20,1.4,-9.625,19,1),(21,0.1125,-12.875,20,1),(22,-0.9375,-10.5,21,1),(23,-1.9375,-10,22,1),(24,-2.85,-9.125,23,1),(25,-3.5625,-7.125,24,1),(26,-3.875,-3.125,25,1),(27,-3.875,0,26,1),(28,-3.75,1.25,27,1),(29,-2.2875,14.625,28,1),(30,-1.3375,9.5,29,1),(31,-0.975,3.625,30,1),(32,-0.4125,5.625,31,1),(33,-0.375,0.374999,32,1),(34,-0.6875,-3.125,33,1),(35,-1.5375,-8.5,34,1),(36,-2.6875,-11.5,35,1),(37,-3.5875,-9,36,1),(38,-3.9875,-4,37,1),(39,-4,-0.125,38,1),(40,-2.9375,10.625,39,1),(41,-1.125,18.125,40,1),(42,0.2125,13.375,41,1),(43,1.0625,8.5,42,1),(44,2.75,16.875,43,1),(45,3.5,7.5,44,1),(46,3.6125,1.125,45,1),(47,3.7625,1.5,46,1),(48,3.85,0.875006,47,1),(49,3.6875,-1.625,48,1),(50,2.825,-8.625,49,1),(51,1.675,-11.5,50,1),(52,0.375,-13,51,1),(53,0.0250001,-3.5,52,1),(54,0.0250001,0,53,1),(55,0.5625,5.375,54,1),(56,1.3,7.375,55,1),(57,2,7,56,1),(58,2.8125,8.125,57,1),(59,3.1,2.875,58,1),(60,3.9875,8.875,59,1),(61,4.0125,0.249996,60,1),(62,3.3375,-6.75,61,1),(63,2.725,-6.125,62,1),(64,1.7,-10.25,63,1),(65,0.0749998,-16.25,64,1),(66,-1.1,-11.75,65,1),(67,-1.625,-5.25,66,1),(68,-2.2125,-5.875,67,1),(69,-2.525,-3.125,68,1),(70,-2.5125,0.125,69,1),(71,-1.5875,9.25,70,1),(72,-0.325,12.625,71,1),(73,0.7875,11.125,72,1),(74,2.3375,15.5,73,1),(75,2.8,4.625,74,1),(76,2.7625,-0.375004,75,1),(77,2.0125,-7.5,76,1),(78,1.0625,-9.5,77,1),(79,-0.45,-15.125,78,1),(80,-1.5875,-11.375,79,1),(81,-2.2625,-6.75,80,1),(82,-2.3125,-0.5,81,1),(83,-1.6625,6.5,82,1),(84,-0.5625,11,83,1),(85,0.5375,11,84,1),(86,1.525,9.875,85,1),(87,2.3,7.75,86,1),(88,2.6375,3.375,87,1),(89,3.325,6.875,88,1),(90,3.9,5.75,89,1),(91,3.95,0.500002,90,1),(92,3.925,-0.249996,91,1),(93,3.175,-7.5,92,1),(94,2.5375,-6.375,93,1),(95,1.7375,-8,94,1),(96,0.8,-9.375,95,1),(97,0.0374999,-7.625,96,1),(98,0.0625,0.250001,97,1),(99,0.6125,5.5,98,1),(100,1.7625,11.5,99,1),(101,2.5375,7.75,100,1),(102,3.0625,5.25,101,1),(103,3.2875,2.25,102,1),(104,3.375,0.874996,103,1),(105,3.3,-0.749998,104,1),(106,2.375,-9.25,105,1),(107,1.0875,-12.875,106,1),(108,-0.3125,-14,107,1),(109,-1.6,-12.875,108,1),(110,-2.4875,-8.875,109,1),(111,-3.0375,-5.5,110,1),(112,-3.375,-3.375,111,1),(113,-3.4875,-1.125,112,1),(114,-3.3875,0.999999,113,1),(115,-2.8125,5.75,114,1),(116,-1.3,15.125,115,1),(117,-0.625,6.75,116,1),(118,-0.625,0,117,1),(119,-0.7125,-0.875001,118,1),(120,-1.2625,-5.5,119,1),(121,-1.8875,-6.25,120,1),(122,-2.2875,-4,121,1),(123,-2.475,-1.875,122,1),(124,-2.775,-3,123,1),(125,-2.6875,0.875001,124,1),(126,-1.175,15.125,125,1),(127,0.6125,17.875,126,1),(128,1.375,7.625,127,1),(129,2.1375,7.625,128,1),(130,3.0125,8.75,129,1),(131,3.3,2.875,130,1),(132,3.3,0,131,1),(133,2.7375,-5.625,132,1),(134,1.7875,-9.5,133,1),(135,0.95,-8.375,134,1),(136,0.0625,-8.875,135,1),(137,-0.0500002,-1.125,136,1),(138,0.1875,2.375,137,1),(139,0.9625,7.75,138,1),(140,2.05,10.875,139,1),(141,2.475,4.25,140,1),(142,2.6,1.25,141,1),(143,2.5875,-0.124998,142,1),(144,1.95,-6.375,143,1),(145,1.0375,-9.125,144,1),(146,0.2625,-7.75,145,1),(147,-0.45,-7.125,146,1),(148,-1.1,-6.5,147,1),(149,-2.075,-9.75,148,1),(150,-2.7125,-6.375,149,1),(151,-2.9125,-2,150,1),(152,-3.4125,-5,151,1),(153,-3.6125,-2,152,1),(154,-3.3625,2.5,153,1),(155,-2.775,5.875,154,1),(156,-1.9375,8.375,155,1),(157,-0.9375,10,156,1),(158,0.1375,10.75,157,1),(159,0.5125,3.75,158,1),(160,0.4625,-0.499997,159,1),(161,-0.2625,-7.25,160,1),(162,-1.7625,-15,161,1),(163,-2.575,-8.125,162,1),(164,-3.075,-5,163,1),(165,-3.6,-5.25,164,1),(166,-3.5,0.999999,165,1),(167,-2.5,10,166,1),(168,-1.1125,13.875,167,1),(169,-0.125,9.875,168,1),(170,0.95,10.75,169,1),(171,2.2,12.5,170,1),(172,3.075,8.75,171,1),(173,3.4875,4.125,172,1),(174,3.5,0.124998,173,1),(175,2.9375,-5.625,174,1),(176,1.8875,-10.5,175,1),(177,1.0875,-8,176,1),(178,0.2125,-8.75,177,1),(179,-0.7,-9.125,178,1),(180,-0.7125,-0.125003,179,1),(181,-0.225,4.875,180,1),(182,0.5125,7.375,181,1),(183,1.3625,8.5,182,1),(184,2.2,8.375,183,1),(185,2.7625,5.625,184,1),(186,2.975,2.125,185,1),(187,2.8875,-0.875001,186,1),(188,1.625,-12.625,187,1),(189,0.3625,-12.625,188,1),(190,-0.3625,-7.25,189,1),(191,-0.9875,-6.25,190,1),(192,-1.7375,-7.5,191,1),(193,-2.3125,-5.75,192,1),(194,-2.5,-1.875,193,1),(195,-2.0125,4.875,194,1),(196,-1.075,9.375,195,1),(197,0.25,13.25,196,1),(198,1.375,11.25,197,1),(199,2.3625,9.875,198,1),(200,2.65,2.875,199,1),(201,2.6625,0.124998,200,1),(202,2.225,-4.375,201,1),(203,1.1875,-10.375,202,1),(204,0.2875,-9,203,1),(205,-0.725,-10.125,204,1),(206,-1.65,-9.25,205,1),(207,-2.325,-6.75,206,1),(208,-2.4,-0.75,207,1),(209,-2.3,1,208,1),(210,-1.7875,5.125,209,1),(211,-1.275,5.125,210,1),(212,-0.2375,10.375,211,1),(213,0.8125,10.5,212,1),(214,2.1625,13.5,213,1),(215,3.15,9.875,214,1),(216,3.9375,7.875,215,1),(217,4.275,3.375,216,1),(218,4.3,0.250006,217,1),(219,3.5875,-7.12501,218,1),(220,2.6,-9.875,219,1),(221,1.9375,-6.625,220,1),(222,0.9,-10.375,221,1),(223,0.0374999,-8.625,222,1),(224,-0.1875,-2.25,223,1),(225,0.0500002,2.375,224,1),(226,1.375,13.25,225,1),(227,2.5,11.25,226,1),(228,3.125,6.25,227,1),(229,3.6625,5.375,228,1),(230,3.85,1.875,229,1),(231,3.45,-4.00001,230,1),(232,2.625,-8.25,231,1),(233,1.95,-6.75,232,1),(234,0.85,-11,233,1),(235,-0.175,-10.25,234,1),(236,-1.225,-10.5,235,1),(237,-2.35,-11.25,236,1),(238,-3.325,-9.75,237,1),(239,-3.575,-2.5,238,1),(240,-3.575,0,239,1),(241,-3.45,1.25,240,1),(242,-2.8375,6.125,241,1),(243,-2.1375,7,242,1),(244,-1.0875,10.5,243,1),(245,-0.4125,6.75,244,1),(246,-0.4,0.124998,245,1),(247,-0.9875,-5.875,246,1),(248,-1.8125,-8.25,247,1),(249,-2.55,-7.375,248,1),(250,-3.475,-9.25,249,1),(251,-3.7875,-3.125,250,1),(252,-3.9125,-1.25,251,1),(253,-3.8375,0.749998,252,1),(254,-2.7375,11,253,1),(255,-1.35,13.875,254,1),(256,-0.0999999,12.5,255,1),(257,1.3875,14.875,256,1),(258,2.2375,8.5,257,1),(259,3.025,7.87499,258,1),(260,3.65,6.25,259,1),(261,3.7625,1.125,260,1),(262,3.7375,-0.249996,261,1),(263,3.1875,-5.5,262,1),(264,2.2875,-9,263,1),(265,1.1375,-11.5,264,1),(266,-0.0124998,-11.5,265,1),(267,-1.1625,-11.5,266,1),(268,-1.375,-2.125,267,1),(269,-1.375,0,268,1),(270,-1.025,3.5,269,1),(271,-0.0749998,9.5,270,1),(272,0.6125,6.875,271,1),(273,1.15,5.375,272,1),(274,2.0375,8.875,273,1),(275,2.675,6.375,274,1),(276,3.1875,5.125,275,1),(277,3.475,2.875,276,1),(278,3.475,0,277,1),(279,3.075,-4.00001,278,1),(280,2.2375,-8.375,279,1),(281,1.8,-4.375,280,1),(282,1.375,-4.25,281,1),(283,0.425,-9.5,282,1),(284,-0.425,-8.5,283,1),(285,-1.6375,-12.125,284,1),(286,-2.275,-6.375,285,1),(287,-2.9875,-7.125,286,1),(288,-3.9875,-10,287,1),(289,-4.2625,-2.75,288,1),(290,-4.275,-0.125003,289,1),(291,-4.075,2,290,1),(292,-3.025,10.5,291,1),(293,-1.3875,16.375,292,1),(294,0.2625,16.5,293,1),(295,1.7875,15.25,294,1),(296,3.175,13.875,295,1),(297,4.5,13.25,296,1),(298,4.9875,4.875,297,1),(299,4.9875,0,298,1),(300,4.3875,-6,299,1),(301,2.6625,-17.25,300,1),(302,1.3875,-12.75,301,1),(303,0.275,-11.125,302,1),(304,-0.8,-10.75,303,1),(305,-0.825,-0.249996,304,1),(306,-0.4625,3.625,305,1),(307,0.7375,12,306,1),(308,1.5375,8,307,1),(309,2.2375,7,308,1),(310,2.9625,7.25,309,1),(311,3.5875,6.25,310,1),(312,3.6875,1,311,1),(313,3.5625,-1.25,312,1),(314,2.525,-10.375,313,1),(315,0.3125,-22.125,314,1),(316,-1.4875,-18,315,1),(317,-1.85,-3.625,316,1),(318,-2.2375,-3.875,317,1),(319,-3.15,-9.125,318,1),(320,-3.95,-8,319,1),(321,-4.35,-4,320,1),(322,-4.425,-0.750003,321,1),(323,-4.15,2.75,322,1),(324,-3.325,8.25,323,1),(325,-2.5625,7.625,324,1),(326,-1.775,7.875,325,1),(327,-0.9,8.75,326,1),(328,-0.5,4,327,1),(329,-0.3375,1.625,328,1),(330,-0.35,-0.124998,329,1),(331,-0.875,-5.25,330,1),(332,-1.7625,-8.875,331,1),(333,-2.35,-5.875,332,1),(334,-3.0625,-7.125,333,1),(335,-3.5375,-4.75,334,1),(336,-3.6375,-1,335,1),(337,-3.475,1.625,336,1),(338,-2.4875,9.875,337,1),(339,-1.3625,11.25,338,1),(340,-0.175,11.875,339,1),(341,1.0875,12.625,340,1),(342,1.975,8.875,341,1),(343,2.8125,8.375,342,1),(344,3.2375,4.25,343,1),(345,3.5125,2.75,344,1),(346,3.75,2.375,345,1),(347,3.75,0,346,1),(348,3.225,-5.25,347,1),(349,2.2125,-10.125,348,1),(350,1.95,-2.625,349,1),(351,1.55,-4,350,1),(352,1.075,-4.75,351,1),(353,0.925,-1.5,352,1),(354,1.1375,2.125,353,1),(355,1.95,8.125,354,1),(356,2.4125,4.625,355,1),(357,2.9,4.875,356,1),(358,3.3,4,357,1),(359,3.3125,0.124998,358,1),(360,2.9875,-3.25,359,1),(361,2.3,-6.875,360,1),(362,0.95,-13.5,361,1),(363,-0.0749998,-10.25,362,1),(364,-1.3125,-12.375,363,1),(365,-2.1,-7.875,364,1),(366,-2.775,-6.75,365,1),(367,-3.1375,-3.625,366,1),(368,-3.1875,-0.5,367,1),(369,-2.7625,4.25,368,1),(370,-1.5875,11.75,369,1),(371,-0.1875,14,370,1),(372,0.6,7.875,371,1),(373,1.3875,7.875,372,1),(374,2.225,8.375,373,1),(375,2.85,6.25,374,1),(376,3.125,2.75,375,1),(377,3.1125,-0.124998,376,1),(378,2.375,-7.375,377,1),(379,1.5,-8.75,378,1),(380,0.9625,-5.375,379,1),(381,0.325,-6.375,380,1),(382,-0.3625,-6.875,381,1),(383,-0.5125,-1.5,382,1),(384,-0.4,1.125,383,1),(385,0.55,9.5,384,1),(386,1.1,5.5,385,1),(387,1.7125,6.125,386,1),(388,2.425,7.125,387,1),(389,2.85,4.25,388,1),(390,3.275,4.25,389,1),(391,3.4,1.25,390,1),(392,3.375,-0.249996,391,1),(393,2.25,-11.25,392,1),(394,1.35,-9,393,1),(395,0.6,-7.5,394,1),(396,-0.25,-8.5,395,1),(397,-1.1875,-9.375,396,1),(398,-2.0375,-8.5,397,1),(399,-2.6,-5.625,398,1),(400,-3.025,-4.25,399,1),(401,-3.2375,-2.125,400,1),(402,-3.3375,-1,401,1),(403,-3.1875,1.5,402,1),(404,-2.375,8.125,403,1),(405,-1.5875,7.875,404,1),(406,-0.675,9.125,405,1),(407,0.0999999,7.75,406,1),(408,1.0625,9.625,407,1),(409,1.7875,7.25,408,1),(410,2.725,9.375,409,1),(411,3.175,4.5,410,1),(412,3.2,0.249996,411,1),(413,2.7375,-4.625,412,1),(414,1.975,-7.625,413,1),(415,1.3625,-6.125,414,1),(416,0.8,-5.625,415,1),(417,-0.575,-13.75,416,1),(418,-2.55,-19.75,417,1),(419,-3.1875,-6.375,418,1),(420,-3.2,-0.125,419,1),(421,-3.1375,0.625,420,1),(422,-2.3375,8,421,1),(423,-1.0375,13,422,1),(424,0.3875,14.25,423,1),(425,1.8375,14.5,424,1),(426,2.55,7.125,425,1),(427,3.075,5.25,426,1),(428,3.5375,4.62501,427,1),(429,3.6375,0.999994,428,1),(430,3.5125,-1.25,429,1),(431,2.2125,-13,430,1),(432,0.5625,-16.5,431,1),(433,-0.2375,-8,432,1),(434,-0.975,-7.375,433,1),(435,-1.8625,-8.875,434,1),(436,-2.1875,-3.25,435,1),(437,-2.1875,0,436,1),(438,-1.675,5.125,437,1),(439,-0.65,10.25,438,1),(440,0.0875001,7.375,439,1),(441,0.675,5.875,440,1),(442,1.025,3.5,441,1),(443,1.575,5.5,442,1),(444,2.0125,4.375,443,1),(445,2.675,6.625,444,1),(446,3.075,4,445,1),(447,3.1,0.250006,446,1),(448,3.0125,-0.875006,447,1),(449,1.8875,-11.25,448,1),(450,0.5125,-13.75,449,1),(451,-0.0625,-5.75,450,1),(452,-0.3375,-2.75,451,1),(453,-0.5875,-2.5,452,1),(454,-0.8625,-2.75,453,1),(455,-1.0625,-2,454,1),(456,-0.8875,1.75,455,1),(457,0.1875,10.75,456,1),(458,1.3375,11.5,457,1),(459,2.4375,11,458,1),(460,3.2375,8,459,1),(461,3.6375,4,460,1),(462,3.7625,1.25,461,1),(463,3.525,-2.375,462,1),(464,2.2125,-13.125,463,1),(465,0.8375,-13.75,464,1),(466,0.3125,-5.25,465,1),(467,-0.0625,-3.75,466,1),(468,-0.0999999,-0.374999,467,1),(469,0.5625,6.625,468,1),(470,1.6125,10.5,469,1),(471,2.2375,6.25,470,1),(472,3.1,8.625,471,1),(473,3.2625,1.62499,472,1),(474,3.1,-1.62499,473,1),(475,2.0375,-10.625,474,1),(476,1.5375,-5,475,1),(477,1.125,-4.125,476,1),(478,0.475,-6.5,477,1),(479,-0.4625,-9.375,478,1),(480,-1.5,-10.375,479,1),(481,-2.575,-10.75,480,1),(482,-3.425,-8.5,481,1),(483,-3.85,-4.25,482,1),(484,-3.9,-0.500002,483,1),(485,-3.875,0.250001,484,1),(486,-3.45,4.25,485,1),(487,-2.575,8.75,486,1),(488,-1.6125,9.625,487,1),(489,-0.6875,9.25,488,1),(490,0.2875,9.75,489,1),(491,1.375,10.875,490,1),(492,2.2375,8.625,491,1),(493,2.7625,5.25,492,1),(494,3.2,4.375,493,1),(495,3.3875,1.875,494,1),(496,3.1875,-2,495,1),(497,1.7375,-14.5,496,1),(498,0.475,-12.625,497,1),(499,-0.3875,-8.625,498,1),(500,-1.025,-6.375,499,1),(501,-1.425,-4,500,1),(502,-1.475,-0.5,501,1),(503,-1.3625,1.125,502,1),(504,-0.3,10.625,503,1),(505,0.9625,12.625,504,1),(506,1.5125,5.5,505,1),(507,2.325,8.125,506,1),(508,2.7,3.75,507,1),(509,2.7,0,508,1),(510,2.3375,-3.625,509,1),(511,1.025,-13.125,510,1),(512,0.3375,-6.875,511,1),(513,-0.3875,-7.25,512,1),(514,-1.0375,-6.5,513,1),(515,-1.325,-2.875,514,1),(516,-1.825,-5,515,1),(517,-2.55,-7.25,516,1),(518,-3.225,-6.75,517,1),(519,-3.3875,-1.625,518,1),(520,-3.3875,0,519,1),(521,-3,3.875,520,1),(522,-2.25,7.5,521,1),(523,-1.425,8.25,522,1),(524,-0.6625,7.625,523,1),(525,0.375,10.375,524,1),(526,1.5,11.25,525,1),(527,2.3875,8.875,526,1),(528,3.375,9.875,527,1),(529,3.7625,3.875,528,1),(530,3.925,1.625,529,1),(531,3.8,-1.25,530,1),(532,2.325,-14.75,531,1),(533,0.95,-13.75,532,1),(534,0.4375,-5.125,533,1),(535,-0.1375,-5.75,534,1),(536,-1.625,-14.875,535,1),(537,-2.8125,-11.875,536,1),(538,-3.7125,-9,537,1),(539,-4.125,-4.125,538,1),(540,-4.25,-1.25,539,1),(541,-4.0625,1.875,540,1),(542,-2.8875,11.75,541,1),(543,-2,8.875,542,1),(544,-1.15,8.5,543,1),(545,-0.0625,10.875,544,1),(546,0.0875001,1.5,545,1),(547,-0.1875,-2.75,546,1),(548,-1.2625,-10.75,547,1),(549,-2.075,-8.125,548,1),(550,-2.7125,-6.375,549,1),(551,-3.375,-6.625,550,1),(552,-3.675,-3,551,1),(553,-3.6875,-0.125,552,1),(554,-3.35,3.375,553,1),(555,-2.35,10,554,1),(556,-1.6875,6.625,555,1),(557,-0.9,7.875,556,1),(558,-0.2875,6.125,557,1),(559,0.3,5.875,558,1),(560,0.925,6.25,559,1),(561,1.5875,6.625,560,1),(562,2.075,4.875,561,1),(563,2.6125,5.375,562,1),(564,2.925,3.125,563,1),(565,3.3375,4.12499,564,1),(566,3.3625,0.250006,565,1),(567,3.2875,-0.749998,566,1),(568,2.7125,-5.75,567,1),(569,2.325,-3.875,568,1),(570,2.1375,-1.875,569,1),(571,1.25,-8.875,570,1),(572,0.3375,-9.125,571,1),(573,-0.2,-5.375,572,1),(574,-0.9125,-7.125,573,1),(575,-2.1375,-12.25,574,1),(576,-2.95,-8.125,575,1),(577,-3.7625,-8.125,576,1),(578,-4.0875,-3.25,577,1),(579,-4.0875,0,578,1),(580,-3.6,4.875,579,1),(581,-2.775,8.25,580,1),(582,-1.7375,10.375,581,1),(583,-0.9,8.375,582,1),(584,-0.475,4.25,583,1),(585,-0.3625,1.125,584,1),(586,-0.55,-1.875,585,1),(587,-1.5625,-10.125,586,1),(588,-2.175,-6.125,587,1),(589,-2.625,-4.5,588,1),(590,-3.3375,-7.125,589,1),(591,-3.7625,-4.25,590,1),(592,-3.825,-0.625,591,1),(593,-3.4625,3.625,592,1),(594,-2.6625,8,593,1),(595,-2.0125,6.5,594,1),(596,-1.0375,9.75,595,1),(597,-0.0625,9.75,596,1),(598,0.65,7.125,597,1),(599,1.3875,7.375,598,1),(600,2.2875,9,599,1),(601,0.0999999,0.0999999,0,2),(602,-0.8375,-9.375,1,2),(603,-1.3625,-5.25,2,2),(604,-1.675,-3.125,3,2),(605,-2.05,-3.75,4,2),(606,-2.7,-6.5,5,2),(607,-3.2375,-5.375,6,2),(608,-3.5875,-3.5,7,2),(609,-4.0125,-4.25,8,2),(610,-4.3375,-3.25,9,2),(611,-4.3375,0,10,2),(612,-4.325,0.125003,11,2),(613,-4.0625,2.625,12,2),(614,-3.6,4.625,13,2),(615,-3.325,2.75,14,2),(616,-2.925,4,15,2),(617,-2.3625,5.625,16,2),(618,-1.45,9.125,17,2),(619,-0.6,8.5,18,2),(620,0.1125,7.125,19,2),(621,0.725,6.125,20,2),(622,1.7125,9.875,21,2),(623,2.725,10.125,22,2),(624,3.325,6,23,2),(625,4.1875,8.625,24,2),(626,4.4625,2.75,25,2),(627,4.4875,0.250006,26,2),(628,4.4125,-0.749998,27,2),(629,3.9375,-4.75,28,2),(630,3.65,-2.875,29,2),(631,3.3375,-3.125,30,2),(632,2.775,-5.625,31,2),(633,2.05,-7.25,32,2),(634,1.425,-6.25,33,2),(635,1.0375,-3.875,34,2),(636,0.65,-3.875,35,2),(637,-0.0500002,-7,36,2),(638,-0.7875,-7.375,37,2),(639,-1.3625,-5.75,38,2),(640,-1.85,-4.875,39,2),(641,-2.925,-10.75,40,2),(642,-3.975,-10.5,41,2),(643,-4.425,-4.5,42,2),(644,-4.4375,-0.124998,43,2),(645,-4.4125,0.250001,44,2),(646,-4.0625,3.5,45,2),(647,-3.4375,6.25,46,2),(648,-2.7625,6.75,47,2),(649,-2.2125,5.5,48,2),(650,-1.7,5.125,49,2),(651,-1.3125,3.875,50,2),(652,-0.7375,5.75,51,2),(653,0.3125,10.5,52,2),(654,1.7875,14.75,53,2),(655,2.7,9.125,54,2),(656,3.125,4.25,55,2),(657,3.7125,5.875,56,2),(658,4.15,4.375,57,2),(659,4.4875,3.37501,58,2),(660,4.475,-0.124998,59,2),(661,4.375,-1,60,2),(662,4.1,-2.75,61,2),(663,3.625,-4.75,62,2),(664,3.1375,-4.875,63,2),(665,2.5875,-5.5,64,2),(666,2.0125,-5.75,65,2),(667,0.925,-10.875,66,2),(668,-0.125,-10.5,67,2),(669,-0.675,-5.5,68,2),(670,-1.075,-4,69,2),(671,-1.5375,-4.625,70,2),(672,-2.025,-4.875,71,2),(673,-2.4625,-4.375,72,2),(674,-2.8375,-3.75,73,2),(675,-3.125,-2.875,74,2),(676,-3.5375,-4.125,75,2),(677,-3.9,-3.625,76,2),(678,-4.2125,-3.125,77,2),(679,-4.275,-0.625,78,2),(680,-4.2625,0.125003,79,2),(681,-4.025,2.375,80,2),(682,-3.5,5.25,81,2),(683,-3.0625,4.375,82,2),(684,-2.725,3.375,83,2),(685,-2.1375,5.875,84,2),(686,-1.225,9.125,85,2),(687,-0.6375,5.875,86,2),(688,-0.2,4.375,87,2),(689,0.2125,4.125,88,2),(690,0.95,7.375,89,2),(691,1.4,4.5,90,2),(692,1.725,3.25,91,2),(693,2.3,5.75,92,2),(694,3.1625,8.625,93,2),(695,3.575,4.12499,94,2),(696,3.8125,2.375,95,2),(697,4.0125,2,96,2),(698,4.125,1.125,97,2),(699,4.125,0,98,2),(700,3.8,-3.25,99,2),(701,3.025,-7.75001,100,2),(702,2.425,-5.99999,101,2),(703,1.8875,-5.375,102,2),(704,1.0875,-8,103,2),(705,0.1625,-9.25,104,2),(706,-0.625,-7.875,105,2),(707,-1.1125,-4.875,106,2),(708,-1.5875,-4.75,107,2),(709,-2.05,-4.625,108,2),(710,-2.4625,-4.125,109,2),(711,-2.8375,-3.75,110,2),(712,-3.25,-4.125,111,2),(713,-3.65,-4,112,2),(714,-3.875,-2.25,113,2),(715,-4.0375,-1.625,114,2),(716,-4.1,-0.625,115,2),(717,-3.9,2,116,2),(718,-3.2875,6.125,117,2),(719,-2.7625,5.25,118,2),(720,-2.5,2.625,119,2),(721,-2.025,4.75,120,2),(722,-1.55,4.75,121,2),(723,-1.075,4.75,122,2),(724,-0.625,4.5,123,2),(725,-0.0124998,6.125,124,2),(726,0.8125,8.25,125,2),(727,1.1125,3,126,2),(728,1.2375,1.25,127,2),(729,1.4,1.625,128,2),(730,1.7375,3.375,129,2),(731,1.975,2.375,130,2),(732,2.35,3.75,131,2),(733,2.6875,3.375,132,2),(734,2.9125,2.25,133,2),(735,3.025,1.125,134,2),(736,3.325,3,135,2),(737,3.725,4.00001,136,2),(738,3.8125,0.874996,137,2),(739,4.0375,2.25,138,2),(740,4.1875,1.5,139,2),(741,4.2,0.124998,140,2),(742,4.1875,-0.124998,141,2),(743,3.75,-4.375,142,2),(744,3.225,-5.25,143,2),(745,2.7625,-4.62501,144,2),(746,2.075,-6.875,145,2),(747,1.5625,-5.125,146,2),(748,1.1375,-4.25,147,2),(749,0.4375,-7,148,2),(750,-0.425,-8.625,149,2),(751,-1.35,-9.25,150,2),(752,-2.05,-7,151,2),(753,-2.9625,-9.125,152,2),(754,-3.6,-6.375,153,2),(755,-4.125,-5.25,154,2),(756,-4.5375,-4.125,155,2),(757,-4.5625,-0.250001,156,2),(758,-4.55,0.124998,157,2),(759,-4.2625,2.875,158,2),(760,-3.975,2.875,159,2),(761,-3.7125,2.625,160,2),(762,-3.3625,3.5,161,2),(763,-2.625,7.375,162,2),(764,-1.9125,7.125,163,2),(765,-1.375,5.375,164,2),(766,-0.95,4.25,165,2),(767,-0.5625,3.875,166,2),(768,-0.125,4.375,167,2),(769,0.2375,3.625,168,2),(770,0.625,3.875,169,2),(771,0.8375,2.125,170,2),(772,1.175,3.375,171,2),(773,1.775,6,172,2),(774,2.275,5,173,2),(775,2.5125,2.375,174,2),(776,2.825,3.125,175,2),(777,3.225,4.00001,176,2),(778,3.7625,5.37499,177,2),(779,4.35,5.87501,178,2),(780,4.5625,2.125,179,2),(781,4.5625,0,180,2),(782,4.3625,-2,181,2),(783,3.9125,-4.5,182,2),(784,3.3,-6.125,183,2),(785,2.3875,-9.125,184,2),(786,1.1375,-12.5,185,2),(787,0.0250001,-11.125,186,2),(788,-0.7875,-8.125,187,2),(789,-1.375,-5.875,188,2),(790,-2.05,-6.75,189,2),(791,-2.575,-5.25,190,2),(792,-2.95,-3.75,191,2),(793,-3.5125,-5.625,192,2),(794,-3.9375,-4.25,193,2),(795,-3.975,-0.374999,194,2),(796,-3.9125,0.625,195,2),(797,-3.3875,5.25,196,2),(798,-2.4375,9.5,197,2),(799,-1.7875,6.5,198,2),(800,-1.375,4.125,199,2),(801,-0.975,4,200,2),(802,-0.6125,3.625,201,2),(803,-0.1375,4.75,202,2),(804,0.3125,4.5,203,2),(805,0.7625,4.5,204,2),(806,1.275,5.125,205,2),(807,1.85,5.75,206,2),(808,2.725,8.75,207,2),(809,3.45,7.25,208,2),(810,3.8125,3.625,209,2),(811,4.0875,2.75,210,2),(812,4.3125,2.25,211,2),(813,4.3375,0.249996,212,2),(814,3.925,-4.12499,213,2),(815,3.4,-5.25001,214,2),(816,2.925,-4.74999,215,2),(817,2.0125,-9.125,216,2),(818,0.875,-11.375,217,2),(819,-0.1875,-10.625,218,2),(820,-0.85,-6.625,219,2),(821,-1.7125,-8.625,220,2),(822,-2.0125,-3,221,2),(823,-2.35,-3.375,222,2),(824,-2.45,-1,223,2),(825,-2.6625,-2.125,224,2),(826,-3.0875,-4.25,225,2),(827,-3.5875,-5,226,2),(828,-3.9,-3.125,227,2),(829,-4.05,-1.5,228,2),(830,-4.1375,-0.874996,229,2),(831,-4.175,-0.375004,230,2),(832,-4.1125,0.625,231,2),(833,-3.575,5.375,232,2),(834,-2.7375,8.375,233,2),(835,-2.125,6.125,234,2),(836,-1.4625,6.625,235,2),(837,-0.8625,6,236,2),(838,-0.3625,5,237,2),(839,-0.125,2.375,238,2),(840,0.2875,4.125,239,2),(841,0.9125,6.25,240,2),(842,1.625,7.125,241,2),(843,2.4125,7.875,242,2),(844,3.375,9.625,243,2),(845,3.9625,5.875,244,2),(846,4.3125,3.5,245,2),(847,4.4,0.874996,246,2),(848,4.4375,0.375004,247,2),(849,4.3125,-1.25,248,2),(850,3.825,-4.875,249,2),(851,3.2625,-5.625,250,2),(852,2.9125,-3.5,251,2),(853,2.0875,-8.25,252,2),(854,0.9875,-11,253,2),(855,-0.0250001,-10.125,254,2),(856,-0.525,-5,255,2),(857,-0.7375,-2.125,256,2),(858,-1.2375,-5,257,2),(859,-2.0125,-7.75,258,2),(860,-2.65,-6.375,259,2),(861,-3.075,-4.25,260,2),(862,-3.525,-4.5,261,2),(863,-3.7625,-2.375,262,2),(864,-3.925,-1.625,263,2),(865,-4.175,-2.5,264,2),(866,-4.2,-0.249996,265,2),(867,-4,2,266,2),(868,-3.3875,6.125,267,2),(869,-2.5625,8.25,268,2),(870,-1.5875,9.75,269,2),(871,-0.6625,9.25,270,2),(872,-0.35,3.125,271,2),(873,-0.1375,2.125,272,2),(874,0.5875,7.25,273,2),(875,1.5125,9.25,274,2),(876,2.1,5.875,275,2),(877,2.475,3.75,276,2),(878,3,5.25,277,2),(879,3.5875,5.875,278,2),(880,4.075,4.875,279,2),(881,4.3,2.25,280,2),(882,4.3,0,281,2),(883,4.1625,-1.375,282,2),(884,3.5625,-6,283,2),(885,3.225,-3.375,284,2),(886,2.675,-5.5,285,2),(887,1.7125,-9.625,286,2),(888,0.6625,-10.5,287,2),(889,0.225,-4.375,288,2),(890,-0.1625,-3.875,289,2),(891,-0.7625,-6,290,2),(892,-1.5375,-7.75,291,2),(893,-2.6875,-11.5,292,2),(894,-3.3375,-6.5,293,2),(895,-3.6625,-3.25,294,2),(896,-3.875,-2.125,295,2),(897,-4.0125,-1.375,296,2),(898,-4.1,-0.875001,297,2),(899,-4.1375,-0.374999,298,2),(900,-4.025,1.125,299,2),(901,-3.6375,3.875,300,2),(902,-3.1875,4.5,301,2),(903,-2.8875,3,302,2),(904,-2.5375,3.5,303,2),(905,-1.875,6.625,304,2),(906,-1.1875,6.875,305,2),(907,-0.75,4.375,306,2),(908,-0.4,3.5,307,2),(909,-0.0999999,3,308,2),(910,0.125,2.25,309,2),(911,0.5125,3.875,310,2),(912,1.05,5.375,311,2),(913,1.5625,5.125,312,2),(914,2.0625,5,313,2),(915,2.7875,7.25,314,2),(916,3.425,6.375,315,2),(917,3.875,4.5,316,2),(918,4.1,2.25,317,2),(919,4.225,1.25,318,2),(920,4.2375,0.124998,319,2),(921,4.175,-0.625,320,2),(922,3.1625,-10.125,321,2),(923,2.2875,-8.75,322,2),(924,1.85,-4.375,323,2),(925,1.125,-7.25,324,2),(926,0.225,-9,325,2),(927,-0.4875,-7.125,326,2),(928,-1.3875,-9,327,2),(929,-1.7,-3.125,328,2),(930,-1.85,-1.5,329,2),(931,-2.275,-4.25,330,2),(932,-2.825,-5.5,331,2),(933,-3.1375,-3.125,332,2),(934,-3.4375,-3,333,2),(935,-3.9125,-4.75,334,2),(936,-4.15,-2.375,335,2),(937,-4.175,-0.250001,336,2),(938,-4.05,1.25,337,2),(939,-3.6,4.5,338,2),(940,-3.0875,5.125,339,2),(941,-2.3,7.875,340,2),(942,-1.7625,5.375,341,2),(943,-1.1125,6.5,342,2),(944,-0.0374999,10.75,343,2),(945,0.875,9.125,344,2),(946,1.4125,5.375,345,2),(947,2.0625,6.5,346,2),(948,2.9125,8.5,347,2),(949,3.6875,7.75,348,2),(950,4.3375,6.5,349,2),(951,4.375,0.375004,350,2),(952,4.375,0,351,2),(953,4.1375,-2.375,352,2),(954,3.7,-4.375,353,2),(955,3.325,-3.75,354,2),(956,2.825,-5,355,2),(957,2.25,-5.75,356,2),(958,1.6,-6.5,357,2),(959,0.65,-9.5,358,2),(960,-0.0875001,-7.375,359,2),(961,-0.6,-5.125,360,2),(962,-1.025,-4.25,361,2),(963,-1.5625,-5.375,362,2),(964,-2.075,-5.125,363,2),(965,-2.575,-5,364,2),(966,-2.95,-3.75,365,2),(967,-3.2125,-2.625,366,2),(968,-3.45,-2.375,367,2),(969,-3.85,-4,368,2),(970,-4.3375,-4.875,369,2),(971,-4.4625,-1.25,370,2),(972,-4.475,-0.124998,371,2),(973,-4.3,1.75,372,2),(974,-3.825,4.75,373,2),(975,-2.8625,9.625,374,2),(976,-1.675,11.875,375,2),(977,-0.8875,7.875,376,2),(978,-0.3375,5.5,377,2),(979,0.0875001,4.25,378,2),(980,0.8375,7.5,379,2),(981,1.775,9.375,380,2),(982,2.5375,7.625,381,2),(983,3.0875,5.5,382,2),(984,3.6625,5.75001,383,2),(985,4.075,4.12499,384,2),(986,4.3875,3.125,385,2),(987,4.3875,0,386,2),(988,4.275,-1.125,387,2),(989,3.6375,-6.375,388,2),(990,2.725,-9.125,389,2),(991,2.0125,-7.125,390,2),(992,1.6625,-3.5,391,2),(993,1.5,-1.625,392,2),(994,1.1875,-3.125,393,2),(995,0.575,-6.125,394,2),(996,-0.1875,-7.625,395,2),(997,-1.0125,-8.25,396,2),(998,-1.8375,-8.25,397,2),(999,-2.325,-4.875,398,2),(1000,-2.6625,-3.375,399,2),(1001,-2.9125,-2.5,400,2),(1002,-3.1375,-2.25,401,2),(1003,-3.4625,-3.25,402,2),(1004,-3.725,-2.625,403,2),(1005,-3.8,-0.75,404,2),(1006,-3.825,-0.250001,405,2),(1007,-3.8375,-0.125,406,2),(1008,-3.5875,2.5,407,2),(1009,-2.85,7.375,408,2),(1010,-2.15,7,409,2),(1011,-1.5375,6.125,410,2),(1012,-1.0375,5,411,2),(1013,-0.475,5.625,412,2),(1014,0.0500002,5.25,413,2),(1015,0.4125,3.625,414,2),(1016,0.8375,4.25,415,2),(1017,1.775,9.375,416,2),(1018,2.825,10.5,417,2),(1019,3.4,5.75,418,2),(1020,3.7,3,419,2),(1021,3.975,2.75001,420,2),(1022,4.0875,1.12499,421,2),(1023,4.075,-0.124998,422,2),(1024,3.5875,-4.875,423,2),(1025,2.85,-7.375,424,2),(1026,2.1,-7.5,425,2),(1027,1.475,-6.25,426,2),(1028,0.7875,-6.875,427,2),(1029,-0.0500002,-8.375,428,2),(1030,-0.725,-6.75,429,2),(1031,-1.125,-4,430,2),(1032,-1.6,-4.75,431,2),(1033,-2.0125,-4.125,432,2),(1034,-2.2,-1.875,433,2),(1035,-2.575,-3.75,434,2),(1036,-3.2875,-7.125,435,2),(1037,-3.75,-4.625,436,2),(1038,-3.9625,-2.125,437,2),(1039,-4.2,-2.375,438,2),(1040,-4.3375,-1.375,439,2),(1041,-4.3375,0,440,2),(1042,-3.9875,3.5,441,2),(1043,-2.95,10.375,442,2),(1044,-2.3625,5.875,443,2),(1045,-1.875,4.875,444,2),(1046,-1.2125,6.625,445,2),(1047,-0.6,6.125,446,2),(1048,-0.0374999,5.625,447,2),(1049,0.35,3.875,448,2),(1050,1.6125,12.625,449,2),(1051,2.475,8.625,450,2),(1052,2.8625,3.875,451,2),(1053,3.2875,4.25,452,2),(1054,3.7,4.12499,453,2),(1055,3.875,1.75,454,2),(1056,3.95,0.749998,455,2),(1057,4.075,1.25,456,2),(1058,4.075,0,457,2),(1059,3.5375,-5.37499,458,2),(1060,2.775,-7.625,459,2),(1061,2.025,-7.5,460,2),(1062,1.35,-6.75,461,2),(1063,0.85,-5,462,2),(1064,0.3875,-4.625,463,2),(1065,-0.0374999,-4.25,464,2),(1066,-0.8875,-8.5,465,2),(1067,-1.9875,-11,466,2),(1068,-2.4625,-4.75,467,2),(1069,-2.6125,-1.5,468,2),(1070,-2.9375,-3.25,469,2),(1071,-3.3875,-4.5,470,2),(1072,-3.725,-3.375,471,2),(1073,-3.7625,-0.375001,472,2),(1074,-3.775,-0.125,473,2),(1075,-3.7625,0.125,474,2),(1076,-3.2375,5.25,475,2),(1077,-2.4125,8.25,476,2),(1078,-1.775,6.375,477,2),(1079,-1.3375,4.375,478,2),(1080,-0.8,5.375,479,2),(1081,-0.0374999,7.625,480,2),(1082,0.7375,7.75,481,2),(1083,1.3,5.625,482,2),(1084,1.675,3.75,483,2),(1085,2.1625,4.875,484,2),(1086,2.7375,5.75,485,2),(1087,3.4125,6.75,486,2),(1088,3.925,5.125,487,2),(1089,4.0375,1.125,488,2),(1090,4.0375,0,489,2),(1091,3.9875,-0.500002,490,2),(1092,3.5,-4.875,491,2),(1093,3.075,-4.25,492,2),(1094,2.65,-4.25,493,2),(1095,2.15,-5,494,2),(1096,1.6,-5.5,495,2),(1097,1.15,-4.5,496,2),(1098,0.5625,-5.875,497,2),(1099,-0.45,-10.125,498,2),(1100,-1.5,-10.5,499,2),(1101,-1.725,-2.25,500,2),(1102,-1.825,-1,501,2),(1103,-2.2125,-3.875,502,2),(1104,-2.525,-3.125,503,2),(1105,-2.775,-2.5,504,2),(1106,-3.1,-3.25,505,2),(1107,-3.5125,-4.125,506,2),(1108,-3.85,-3.375,507,2),(1109,-4.0375,-1.875,508,2),(1110,-4.125,-0.875001,509,2),(1111,-4.1625,-0.374999,510,2),(1112,-4.125,0.374999,511,2),(1113,-3.7875,3.375,512,2),(1114,-3.1,6.875,513,2),(1115,-2.25,8.5,514,2),(1116,-1.6125,6.375,515,2),(1117,-1.2625,3.5,516,2),(1118,-0.875,3.875,517,2),(1119,-0.5125,3.625,518,2),(1120,-0.1125,4,519,2),(1121,0.4875,6,520,2),(1122,1.1,6.125,521,2),(1123,1.75,6.5,522,2),(1124,2.2,4.5,523,2),(1125,2.6625,4.625,524,2),(1126,3.0125,3.5,525,2),(1127,3.3,2.875,526,2),(1128,3.5,2,527,2),(1129,3.7375,2.375,528,2),(1130,3.825,0.874996,529,2),(1131,3.9125,0.875006,530,2),(1132,3.925,0.124998,531,2),(1133,3.45,-4.75,532,2),(1134,2.7375,-7.125,533,2),(1135,2.2125,-5.25,534,2),(1136,1.7875,-4.25,535,2),(1137,1.0125,-7.75,536,2),(1138,0.35,-6.625,537,2),(1139,-0.35,-7,538,2),(1140,-1.3625,-10.125,539,2),(1141,-2.15,-7.875,540,2),(1142,-2.5375,-3.875,541,2),(1143,-2.9,-3.625,542,2),(1144,-3.5375,-6.375,543,2),(1145,-4.0625,-5.25,544,2),(1146,-4.2,-1.375,545,2),(1147,-4.2125,-0.125003,546,2),(1148,-4.2125,0,547,2),(1149,-4.0875,1.25,548,2),(1150,-3.5,5.875,549,2),(1151,-2.75,7.5,550,2),(1152,-1.6375,11.125,551,2),(1153,-0.775,8.625,552,2),(1154,-0.0749998,7,553,2),(1155,0.45,5.25,554,2),(1156,0.9125,4.625,555,2),(1157,1.3875,4.75,556,2),(1158,1.8,4.125,557,2),(1159,2.0875,2.875,558,2),(1160,2.225,1.375,559,2),(1161,2.625,4,560,2),(1162,3.175,5.5,561,2),(1163,3.5625,3.875,562,2),(1164,3.8875,3.25,563,2),(1165,4.2625,3.75,564,2),(1166,4.375,1.125,565,2),(1167,4.3625,-0.124998,566,2),(1168,3.9375,-4.25,567,2),(1169,3.45,-4.875,568,2),(1170,2.8,-6.5,569,2),(1171,1.925,-8.75,570,2),(1172,1.075,-8.5,571,2),(1173,0.5625,-5.125,572,2),(1174,0.0500002,-5.125,573,2),(1175,-0.3625,-4.125,574,2),(1176,-0.675,-3.125,575,2),(1177,-1.1,-4.25,576,2),(1178,-1.6625,-5.625,577,2),(1179,-2.25,-5.875,578,2),(1180,-2.7125,-4.625,579,2),(1181,-3.1125,-4,580,2),(1182,-3.575,-4.625,581,2),(1183,-3.925,-3.5,582,2),(1184,-4.1,-1.75,583,2),(1185,-4.1875,-0.875001,584,2),(1186,-4.225,-0.374999,585,2),(1187,-4.125,0.999999,586,2),(1188,-3.6125,5.125,587,2),(1189,-2.775,8.375,588,2),(1190,-1.925,8.5,589,2),(1191,-1.225,7,590,2),(1192,-0.775,4.5,591,2),(1193,-0.4125,3.625,592,2),(1194,0.0124998,4.25,593,2),(1195,0.85,8.375,594,2),(1196,1.625,7.75,595,2),(1197,2.5375,9.125,596,2),(1198,3.175,6.375,597,2),(1199,3.5625,3.875,598,2),(1200,3.875,3.125,599,2),(1201,4.0625,4.0625,0,3),(1202,3.0125,-10.5,1,3),(1203,2.0875,-9.25,2,3),(1204,1.65,-4.375,3,3),(1205,1.625,-0.250001,4,3),(1206,2.25,6.25,5,3),(1207,3.1,8.5,6,3),(1208,3.3,2,7,3),(1209,3.2375,-0.625,8,3),(1210,2.5875,-6.5,9,3),(1211,1.8125,-7.75,10,3),(1212,1.65,-1.625,11,3),(1213,1.825,1.75,12,3),(1214,2.8875,10.625,13,3),(1215,3.275,3.875,14,3),(1216,3.075,-2,15,3),(1217,2.025,-10.5,16,3),(1218,0.4875,-15.375,17,3),(1219,-0.8,-12.875,18,3),(1220,-1.5625,-7.625,19,3),(1221,-1.8875,-3.25,20,3),(1222,-1.975,-0.874999,21,3),(1223,-1.3625,6.125,22,3),(1224,-0.5125,8.5,23,3),(1225,0.4,9.125,24,3),(1226,1.1125,7.125,25,3),(1227,1.5875,4.75,26,3),(1228,1.8,2.125,27,3),(1229,1.2875,-5.125,28,3),(1230,0.3375,-9.5,29,3),(1231,-0.35,-6.875,30,3),(1232,-0.85,-5,31,3),(1233,-0.9125,-0.625,32,3),(1234,0.25,11.625,33,3),(1235,1.8375,15.875,34,3),(1236,1.9625,1.25,35,3),(1237,1.95,-0.125003,36,3),(1238,0.9625,-9.875,37,3),(1239,-0.3625,-13.25,38,3),(1240,-0.675,-3.125,39,3),(1241,-0.6875,-0.124998,40,3),(1242,-0.125,5.625,41,3),(1243,1.35,14.75,42,3),(1244,1.4625,1.125,43,3),(1245,1.475,0.124998,44,3),(1246,0.8625,-6.125,45,3),(1247,0.2125,-6.5,46,3),(1248,-0.2125,-4.25,47,3),(1249,-0.8875,-6.75,48,3),(1250,-1.1,-2.125,49,3),(1251,-0.95,1.5,50,3),(1252,0.0374999,9.875,51,3),(1253,1.1125,10.75,52,3),(1254,1.8875,7.75,53,3),(1255,2.2375,3.5,54,3),(1256,2.2625,0.249996,55,3),(1257,1.5625,-7,56,3),(1258,-0.0875001,-16.5,57,3),(1259,-1.0375,-9.5,58,3),(1260,-2.3,-12.625,59,3),(1261,-3.275,-9.75,60,3),(1262,-3.55,-2.75,61,3),(1263,-2.8625,6.875,62,3),(1264,-1.6625,12,63,3),(1265,-0.8625,8,64,3),(1266,-0.5375,3.25,65,3),(1267,-0.6,-0.625,66,3),(1268,-1.3125,-7.125,67,3),(1269,-2.4125,-11,68,3),(1270,-3.375,-9.625,69,3),(1271,-3.9,-5.25,70,3),(1272,-3.7625,1.375,71,3),(1273,-2.6125,11.5,72,3),(1274,-1.5125,11,73,3),(1275,-0.2125,13,74,3),(1276,1.2375,14.5,75,3),(1277,2.225,9.875,76,3),(1278,3.1125,8.875,77,3),(1279,3.65,5.37499,78,3),(1280,3.775,1.25,79,3),(1281,3.625,-1.5,80,3),(1282,2.4375,-11.875,81,3),(1283,0.8125,-16.25,82,3),(1284,-0.0875001,-9,83,3),(1285,-0.1875,-0.999999,84,3),(1286,0.175,3.625,85,3),(1287,0.775,6,86,3),(1288,1.2125,4.375,87,3),(1289,2.0125,8,88,3),(1290,2.9125,9,89,3),(1291,3.2625,3.5,90,3),(1292,3.25,-0.124998,91,3),(1293,2.5375,-7.125,92,3),(1294,0.9625,-15.75,93,3),(1295,-0.3375,-13,94,3),(1296,-1.2875,-9.5,95,3),(1297,-1.4625,-1.75,96,3),(1298,-1.275,1.875,97,3),(1299,-0.4125,8.625,98,3),(1300,0.975,13.875,99,3),(1301,1.875,9,100,3),(1302,2.65,7.75,101,3),(1303,2.825,1.75,102,3),(1304,2.5125,-3.125,103,3),(1305,1.0875,-14.25,104,3),(1306,-0.4125,-15,105,3),(1307,-1.4375,-10.25,106,3),(1308,-2.125,-6.875,107,3),(1309,-2.9875,-8.625,108,3),(1310,-3.7375,-7.5,109,3),(1311,-4.125,-3.875,110,3),(1312,-3.1625,9.625,111,3),(1313,-1.575,15.875,112,3),(1314,0.0124998,15.875,113,3),(1315,0.8375,8.25,114,3),(1316,0.8375,0,115,3),(1317,0.0374999,-8,116,3),(1318,-1.5125,-15.5,117,3),(1319,-2.675,-11.625,118,3),(1320,-3.3375,-6.625,119,3),(1321,-3.3625,-0.249999,120,3),(1322,-2.6375,7.25,121,3),(1323,-1.525,11.125,122,3),(1324,0.0124998,15.375,123,3),(1325,1.1125,11,124,3),(1326,1.9875,8.75,125,3),(1327,3.075,10.875,126,3),(1328,3.6125,5.375,127,3),(1329,3.6125,0,128,3),(1330,3.3125,-3,129,3),(1331,1.8,-15.125,130,3),(1332,0.55,-12.5,131,3),(1333,-0.375,-9.25,132,3),(1334,-1.45,-10.75,133,3),(1335,-2.3375,-8.875,134,3),(1336,-3.025,-6.875,135,3),(1337,-3.3,-2.75,136,3),(1338,-2.75,5.5,137,3),(1339,-1.25,15,138,3),(1340,-0.65,6,139,3),(1341,0.0999999,7.5,140,3),(1342,0.2,0.999999,141,3),(1343,-0.0999999,-3,142,3),(1344,-1.5625,-14.625,143,3),(1345,-2.9125,-13.5,144,3),(1346,-3.7,-7.875,145,3),(1347,-3.8875,-1.875,146,3),(1348,-3.725,1.625,147,3),(1349,-2.85,8.75,148,3),(1350,-1.0875,17.625,149,3),(1351,0.675,17.625,150,3),(1352,2.05,13.75,151,3),(1353,2.95,9,152,3),(1354,3.7125,7.625,153,3),(1355,4.025,3.125,154,3),(1356,4.05,0.250006,155,3),(1357,3.725,-3.25,156,3),(1358,2.5875,-11.375,157,3),(1359,1.475,-11.125,158,3),(1360,0.4125,-10.625,159,3),(1361,-0.0500002,-4.625,160,3),(1362,0.0250001,0.750003,161,3),(1363,0.6,5.75,162,3),(1364,1.7875,11.875,163,3),(1365,2.6875,9,164,3),(1366,3.0875,4,165,3),(1367,3.0875,0,166,3),(1368,2.0125,-10.75,167,3),(1369,-0.0999999,-21.125,168,3),(1370,-1.675,-15.75,169,3),(1371,-2.8875,-12.125,170,3),(1372,-3.7875,-9,171,3),(1373,-4.4875,-7,172,3),(1374,-4.6125,-1.25,173,3),(1375,-3.7875,8.25,174,3),(1376,-2.1125,16.75,175,3),(1377,-0.75,13.625,176,3),(1378,0.5875,13.375,177,3),(1379,1.2,6.125,178,3),(1380,1.25,0.500002,179,3),(1381,0.525,-7.25,180,3),(1382,-0.8125,-13.375,181,3),(1383,-1.9125,-11,182,3),(1384,-3.075,-11.625,183,3),(1385,-3.8,-7.25,184,3),(1386,-3.8125,-0.125,185,3),(1387,-2.4625,13.5,186,3),(1388,-0.5,19.625,187,3),(1389,1.125,16.25,188,3),(1390,2.4125,12.875,189,3),(1391,2.825,4.125,190,3),(1392,2.5375,-2.875,191,3),(1393,1.8,-7.375,192,3),(1394,0.975,-8.25,193,3),(1395,0.0999999,-8.75,194,3),(1396,-0.85,-9.5,195,3),(1397,-1.875,-10.25,196,3),(1398,-2.3125,-4.375,197,3),(1399,-1.7875,5.25,198,3),(1400,0.6625,24.5,199,3),(1401,2.775,21.125,200,3),(1402,4.05,12.75,201,3),(1403,4.1125,0.625,202,3),(1404,3.675,-4.375,203,3),(1405,2.625,-10.5,204,3),(1406,1.6375,-9.875,205,3),(1407,0.8625,-7.75,206,3),(1408,-0.0124998,-8.75,207,3),(1409,-0.6625,-6.5,208,3),(1410,-0.5875,0.749998,209,3),(1411,0.0999999,6.875,210,3),(1412,1.3,12,211,3),(1413,2.575,12.75,212,3),(1414,3.6125,10.375,213,3),(1415,4.425,8.125,214,3),(1416,4.5125,0.874996,215,3),(1417,4.5,-0.124998,216,3),(1418,3.475,-10.25,217,3),(1419,2.225,-12.5,218,3),(1420,1.75,-4.75,219,3),(1421,1.35,-4,220,3),(1422,0.5375,-8.125,221,3),(1423,-0.0875001,-6.25,222,3),(1424,-0.1125,-0.250001,223,3),(1425,0.5625,6.75,224,3),(1426,1.525,9.625,225,3),(1427,3.2375,17.125,226,3),(1428,3.925,6.875,227,3),(1429,3.9125,-0.124998,228,3),(1430,3.175,-7.375,229,3),(1431,2.2875,-8.875,230,3),(1432,1.5625,-7.25,231,3),(1433,0.3875,-11.75,232,3),(1434,-0.0875001,-4.75,233,3),(1435,0.425,5.125,234,3),(1436,2.1125,16.875,235,3),(1437,3.65,15.375,236,3),(1438,4.0125,3.625,237,3),(1439,3.9375,-0.749998,238,3),(1440,3.2,-7.375,239,3),(1441,2.175,-10.25,240,3),(1442,1.3375,-8.375,241,3),(1443,0.6875,-6.5,242,3),(1444,-0.4,-10.875,243,3),(1445,-2.075,-16.75,244,3),(1446,-3.6,-15.25,245,3),(1447,-4.5375,-9.375,246,3),(1448,-4.825,-2.875,247,3),(1449,-4.5,3.25,248,3),(1450,-3.5625,9.375,249,3),(1451,-2.8875,6.75,250,3),(1452,-1.425,14.625,251,3),(1453,0.5375,19.625,252,3),(1454,2.275,17.375,253,3),(1455,3.0625,7.875,254,3),(1456,3.2125,1.5,255,3),(1457,2.775,-4.375,256,3),(1458,1.35,-14.25,257,3),(1459,-0.35,-17,258,3),(1460,-1.85,-15,259,3),(1461,-2.7125,-8.625,260,3),(1462,-2.8375,-1.25,261,3),(1463,-2.7,1.375,262,3),(1464,-1.7875,9.125,263,3),(1465,-0.45,13.375,264,3),(1466,0.2,6.5,265,3),(1467,0.1375,-0.625,266,3),(1468,-0.85,-9.875,267,3),(1469,-2.1125,-12.625,268,3),(1470,-3.1375,-10.25,269,3),(1471,-3.5875,-4.5,270,3),(1472,-3.625,-0.374999,271,3),(1473,-3.0875,5.375,272,3),(1474,-1.5625,15.25,273,3),(1475,-0.0500002,15.125,274,3),(1476,1.4125,14.625,275,3),(1477,2.775,13.625,276,3),(1478,3.5,7.25,277,3),(1479,3.65,1.5,278,3),(1480,3.65,0,279,3),(1481,2.7375,-9.12499,280,3),(1482,1.3375,-14,281,3),(1483,0.475,-8.625,282,3),(1484,-0.275,-7.5,283,3),(1485,-1.0375,-7.625,284,3),(1486,-1.2625,-2.25,285,3),(1487,-0.975,2.875,286,3),(1488,0.15,11.25,287,3),(1489,1.6375,14.875,288,3),(1490,2.6,9.625,289,3),(1491,3.0375,4.375,290,3),(1492,3.4,3.62499,291,3),(1493,3.3375,-0.625,292,3),(1494,2.525,-8.125,293,3),(1495,1.6875,-8.375,294,3),(1496,-0.0500002,-17.375,295,3),(1497,-1.45,-14,296,3),(1498,-1.9875,-5.375,297,3),(1499,-2.25,-2.625,298,3),(1500,-2.7125,-4.625,299,3),(1501,-2.8,-0.874999,300,3),(1502,-2.6,2,301,3),(1503,-1.55,10.5,302,3),(1504,-0.7375,8.125,303,3),(1505,-0.5,2.375,304,3),(1506,-0.5,0,305,3),(1507,-1,-5,306,3),(1508,-2.2125,-12.125,307,3),(1509,-2.825,-6.125,308,3),(1510,-2.8875,-0.625,309,3),(1511,-2.8375,0.5,310,3),(1512,-1.9,9.375,311,3),(1513,-0.1875,17.125,312,3),(1514,1.275,14.625,313,3),(1515,2.2625,9.875,314,3),(1516,3.0875,8.25,315,3),(1517,3.2125,1.25,316,3),(1518,3.2375,0.250006,317,3),(1519,2.7625,-4.75,318,3),(1520,1.425,-13.375,319,3),(1521,0.45,-9.75,320,3),(1522,-0.15,-6,321,3),(1523,-0.35,-2,322,3),(1524,-0.175,1.75,323,3),(1525,0.6125,7.875,324,3),(1526,2.025,14.125,325,3),(1527,3.3,12.75,326,3),(1528,3.55,2.5,327,3),(1529,3.55,0,328,3),(1530,3.0875,-4.62501,329,3),(1531,1.7875,-13,330,3),(1532,0.75,-10.375,331,3),(1533,0.0625,-6.875,332,3),(1534,-1.0375,-11,333,3),(1535,-2.5375,-15,334,3),(1536,-2.95,-4.125,335,3),(1537,-2.95,0,336,3),(1538,-2.6,3.5,337,3),(1539,-1.4625,11.375,338,3),(1540,-0.0625,14,339,3),(1541,0.5,5.625,340,3),(1542,0.425,-0.749998,341,3),(1543,-0.4625,-8.875,342,3),(1544,-1.775,-13.125,343,3),(1545,-2.65,-8.75,344,3),(1546,-3.325,-6.75,345,3),(1547,-3.3625,-0.374999,346,3),(1548,-2.7125,6.5,347,3),(1549,-1.4375,12.75,348,3),(1550,-0.2,12.375,349,3),(1551,0.6375,8.375,350,3),(1552,1.375,7.375,351,3),(1553,2.225,8.5,352,3),(1554,2.9375,7.125,353,3),(1555,3.3875,4.5,354,3),(1556,3.4375,0.500002,355,3),(1557,3.075,-3.625,356,3),(1558,2.25,-8.25,357,3),(1559,1.1625,-10.875,358,3),(1560,-0.0625,-12.25,359,3),(1561,-1.2375,-11.75,360,3),(1562,-2.1875,-9.5,361,3),(1563,-2.9375,-7.5,362,3),(1564,-3,-0.625,363,3),(1565,-2.5625,4.375,364,3),(1566,-1.4375,11.25,365,3),(1567,-0.15,12.875,366,3),(1568,0.8875,10.375,367,3),(1569,2.0625,11.75,368,3),(1570,2.225,1.625,369,3),(1571,1.7375,-4.875,370,3),(1572,0.5,-12.375,371,3),(1573,-0.9,-14,372,3),(1574,-1.4625,-5.625,373,3),(1575,-1.1375,3.25,374,3),(1576,-0.0999999,10.375,375,3),(1577,1.2875,13.875,376,3),(1578,2.3125,10.25,377,3),(1579,3.05,7.375,378,3),(1580,3.65,5.99999,379,3),(1581,3.7125,0.625,380,3),(1582,3.675,-0.374994,381,3),(1583,2.9625,-7.125,382,3),(1584,1.9875,-9.75,383,3),(1585,0.6625,-13.25,384,3),(1586,-0.575,-12.375,385,3),(1587,-1.625,-10.5,386,3),(1588,-2.3875,-7.625,387,3),(1589,-3.1625,-7.75,388,3),(1590,-3.6875,-5.25,389,3),(1591,-4.1,-4.125,390,3),(1592,-4.1375,-0.374999,391,3),(1593,-3.75,3.875,392,3),(1594,-2.3,14.5,393,3),(1595,-1.2625,10.375,394,3),(1596,-0.3,9.625,395,3),(1597,0.9875,12.875,396,3),(1598,2.5125,15.25,397,3),(1599,3.375,8.625,398,3),(1600,3.6625,2.875,399,3),(1601,3.7875,1.25,400,3),(1602,3.7625,-0.250006,401,3),(1603,2.65,-11.125,402,3),(1604,0.975,-16.75,403,3),(1605,0.0124998,-9.625,404,3),(1606,-0.6625,-6.75,405,3),(1607,-1.7375,-10.75,406,3),(1608,-2.7125,-9.75,407,3),(1609,-3.2625,-5.5,408,3),(1610,-3.4125,-1.5,409,3),(1611,-3.1875,2.25,410,3),(1612,-2.1,10.875,411,3),(1613,-0.4375,16.625,412,3),(1614,0.625,10.625,413,3),(1615,1.825,12,414,3),(1616,3.05,12.25,415,3),(1617,3.75,7,416,3),(1618,3.8625,1.125,417,3),(1619,3.8125,-0.500002,418,3),(1620,3.1375,-6.75,419,3),(1621,1.9375,-12,420,3),(1622,0.4625,-14.75,421,3),(1623,-0.925,-13.875,422,3),(1624,-1.3625,-4.375,423,3),(1625,-1.3125,0.5,424,3),(1626,-0.35,9.625,425,3),(1627,1.2375,15.875,426,3),(1628,2.7375,15,427,3),(1629,3.575,8.375,428,3),(1630,3.6125,0.375004,429,3),(1631,3.4875,-1.25,430,3),(1632,2.225,-12.625,431,3),(1633,0.5375,-16.875,432,3),(1634,-0.725,-12.625,433,3),(1635,-1.5875,-8.625,434,3),(1636,-2.6,-10.125,435,3),(1637,-3.3875,-7.875,436,3),(1638,-3.7875,-4,437,3),(1639,-3.9375,-1.5,438,3),(1640,-3.9375,0,439,3),(1641,-3.3375,6,440,3),(1642,-2.0375,13,441,3),(1643,-0.775,12.625,442,3),(1644,0.1125,8.875,443,3),(1645,1.225,11.125,444,3),(1646,2,7.75,445,3),(1647,1.9625,-0.374999,446,3),(1648,1.1,-8.625,447,3),(1649,-0.3875,-14.875,448,3),(1650,-1.9,-15.125,449,3),(1651,-2.6625,-7.625,450,3),(1652,-2.7625,-1,451,3),(1653,-2.7125,0.5,452,3),(1654,-2.175,5.375,453,3),(1655,-1.7,4.75,454,3),(1656,-1,7,455,3),(1657,-0.1125,8.875,456,3),(1658,0.4625,5.75,457,3),(1659,1.6875,12.25,458,3),(1660,2.7875,11,459,3),(1661,3.6375,8.5,460,3),(1662,4.0375,4.00001,461,3),(1663,4.1,0.625,462,3),(1664,4.025,-0.750008,463,3),(1665,3.4625,-5.625,464,3),(1666,2.65,-8.125,465,3),(1667,1.825,-8.25,466,3),(1668,0.4125,-14.125,467,3),(1669,-0.625,-10.375,468,3),(1670,-1.5,-8.75,469,3),(1671,-2.225,-7.25,470,3),(1672,-2.7375,-5.125,471,3),(1673,-2.7875,-0.5,472,3),(1674,-2.75,0.374999,473,3),(1675,-2.2,5.5,474,3),(1676,-1.4875,7.125,475,3),(1677,-0.6625,8.25,476,3),(1678,0.3375,10,477,3),(1679,1.725,13.875,478,3),(1680,2.625,9,479,3),(1681,3.0125,3.875,480,3),(1682,3.0625,0.500002,481,3),(1683,2.8875,-1.75,482,3),(1684,1.9125,-9.75,483,3),(1685,0.275,-16.375,484,3),(1686,-1.3125,-15.875,485,3),(1687,-2.2875,-9.75,486,3),(1688,-2.775,-4.875,487,3),(1689,-3.125,-3.5,488,3),(1690,-3.2375,-1.125,489,3),(1691,-3.1125,1.25,490,3),(1692,-2.2875,8.25,491,3),(1693,-1.4,8.875,492,3),(1694,-0.5875,8.125,493,3),(1695,-0.2125,3.75,494,3),(1696,-0.175,0.374999,495,3),(1697,-0.475,-3,496,3),(1698,-1.7375,-12.625,497,3),(1699,-2.8875,-11.5,498,3),(1700,-3.4875,-6,499,3),(1701,-3.7,-2.125,500,3),(1702,-3.7,0,501,3),(1703,-3.375,3.25,502,3),(1704,-1.9625,14.125,503,3),(1705,-0.8875,10.75,504,3),(1706,-0.2375,6.5,505,3),(1707,0.825,10.625,506,3),(1708,2.1125,12.875,507,3),(1709,2.2875,1.75,508,3),(1710,2.2875,0,509,3),(1711,2.025,-2.625,510,3),(1712,1.05,-9.75,511,3),(1713,-0.25,-13,512,3),(1714,-0.9125,-6.625,513,3),(1715,-1.2625,-3.5,514,3),(1716,-1.1125,1.5,515,3),(1717,-0.3,8.125,516,3),(1718,0.625,9.25,517,3),(1719,1.625,10,518,3),(1720,2.35,7.25,519,3),(1721,2.6875,3.375,520,3),(1722,2.7875,0.999999,521,3),(1723,2.7,-0.875001,522,3),(1724,1.825,-8.75,523,3),(1725,0.875,-9.5,524,3),(1726,0.1375,-7.375,525,3),(1727,-0.6375,-7.75,526,3),(1728,-1.6,-9.625,527,3),(1729,-2.675,-10.75,528,3),(1730,-3.2875,-6.125,529,3),(1731,-3.325,-0.375001,530,3),(1732,-3.1625,1.625,531,3),(1733,-2.2875,8.75,532,3),(1734,-1.1,11.875,533,3),(1735,-0.0625,10.375,534,3),(1736,0.725,7.875,535,3),(1737,1.8125,10.875,536,3),(1738,2.6,7.875,537,3),(1739,3.1125,5.125,538,3),(1740,3.1375,0.249996,539,3),(1741,2.9625,-1.75,540,3),(1742,2.2125,-7.5,541,3),(1743,1.4625,-7.5,542,3),(1744,0.9375,-5.25,543,3),(1745,0.8625,-0.749998,544,3),(1746,1.125,2.625,545,3),(1747,2.2125,10.875,546,3),(1748,2.8875,6.75,547,3),(1749,3.1,2.12501,548,3),(1750,3.275,1.74999,549,3),(1751,3.3,0.250006,550,3),(1752,2.675,-6.25,551,3),(1753,1.025,-16.5,552,3),(1754,-0.0749998,-11,553,3),(1755,-0.9625,-8.875,554,3),(1756,-2.275,-13.125,555,3),(1757,-3.4875,-12.125,556,3),(1758,-3.95,-4.625,557,3),(1759,-3.9375,0.125,558,3),(1760,-3.0625,8.75,559,3),(1761,-1.6375,14.25,560,3),(1762,-0.6,10.375,561,3),(1763,0.1875,7.875,562,3),(1764,0.225,0.374999,563,3),(1765,-0.4,-6.25,564,3),(1766,-1.6,-12,565,3),(1767,-2.7125,-11.125,566,3),(1768,-3.2875,-5.75,567,3),(1769,-3.5125,-2.25,568,3),(1770,-3.4125,1,569,3),(1771,-2.2875,11.25,570,3),(1772,-1.1,11.875,571,3),(1773,-0.4125,6.875,572,3),(1774,1.15,15.625,573,3),(1775,2.6,14.5,574,3),(1776,3.3,7,575,3),(1777,3.4125,1.125,576,3),(1778,3.4125,0,577,3),(1779,2.825,-5.87501,578,3),(1780,1.725,-11,579,3),(1781,0.7875,-9.375,580,3),(1782,-0.275,-10.625,581,3),(1783,-0.975,-7,582,3),(1784,-1.0625,-0.875001,583,3),(1785,-0.7125,3.5,584,3),(1786,0.6,13.125,585,3),(1787,1.6125,10.125,586,3),(1788,2.1375,5.25,587,3),(1789,2.1625,0.250001,588,3),(1790,1.625,-5.375,589,3),(1791,0.4375,-11.875,590,3),(1792,-0.5375,-9.75,591,3),(1793,-1.6625,-11.25,592,3),(1794,-2.1,-4.375,593,3),(1795,-2.0875,0.124998,594,3),(1796,-1.3,7.875,595,3),(1797,-0.1375,11.625,596,3),(1798,0.425,5.625,597,3),(1799,1.175,7.5,598,3),(1800,2.05,8.75,599,3),(1801,-0.475,-0.475,0,4),(1802,0.6125,10.875,1,4),(1803,1.9125,13,2,4),(1804,3.55,16.375,3,4),(1805,4.5375,9.875,4,4),(1806,4.575,0.374994,5,4),(1807,4.45,-1.25,6,4),(1808,3.55,-9,7,4),(1809,2.4875,-10.625,8,4),(1810,1.4,-10.875,9,4),(1811,0,-14,10,4),(1812,-1.05,-10.5,11,4),(1813,-2.25,-12,12,4),(1814,-3.025,-7.75,13,4),(1815,-3.6875,-6.625,14,4),(1816,-3.95,-2.625,15,4),(1817,-3.95,0,16,4),(1818,-3.8875,0.625,17,4),(1819,-3.2625,6.25,18,4),(1820,-2.7875,4.75,19,4),(1821,-2.1875,6,20,4),(1822,-0.85,13.375,21,4),(1823,0.8125,16.625,22,4),(1824,2.15,13.375,23,4),(1825,3.15,10,24,4),(1826,3.4875,3.37501,25,4),(1827,3.6375,1.5,26,4),(1828,3.6375,0,27,4),(1829,3.325,-3.125,28,4),(1830,2.15,-11.75,29,4),(1831,1.05,-11,30,4),(1832,0.0500002,-10,31,4),(1833,-0.875,-9.25,32,4),(1834,-1.5375,-6.625,33,4),(1835,-2.3,-7.625,34,4),(1836,-2.65,-3.5,35,4),(1837,-2.8625,-2.125,36,4),(1838,-3.0125,-1.5,37,4),(1839,-3.075,-0.625,38,4),(1840,-2.7375,3.375,39,4),(1841,-1.7625,9.75,40,4),(1842,-0.9125,8.5,41,4),(1843,-0.0250001,8.875,42,4),(1844,0.9625,9.875,43,4),(1845,2.125,11.625,44,4),(1846,2.9625,8.375,45,4),(1847,3.2875,3.25,46,4),(1848,3.6,3.125,47,4),(1849,3.8,2,48,4),(1850,3.7375,-0.625,49,4),(1851,3.125,-6.125,50,4),(1852,2.15,-9.75,51,4),(1853,1.3875,-7.625,52,4),(1854,0.425,-9.625,53,4),(1855,-0.2,-6.25,54,4),(1856,-0.975,-7.75,55,4),(1857,-1.7,-7.25,56,4),(1858,-2.0875,-3.875,57,4),(1859,-2.6,-5.125,58,4),(1860,-3.225,-6.25,59,4),(1861,-3.2625,-0.375001,60,4),(1862,-3.225,0.375001,61,4),(1863,-2.725,5,62,4),(1864,-2.4125,3.125,63,4),(1865,-1.925,4.875,64,4),(1866,-0.675,12.5,65,4),(1867,0.175,8.5,66,4),(1868,1.125,9.5,67,4),(1869,2.0625,9.375,68,4),(1870,2.7,6.375,69,4),(1871,2.95,2.5,70,4),(1872,3.2625,3.125,71,4),(1873,3.35,0.875006,72,4),(1874,3.2,-1.50001,73,4),(1875,1.925,-12.75,74,4),(1876,0.4375,-14.875,75,4),(1877,-0.35,-7.875,76,4),(1878,-1.125,-7.75,77,4),(1879,-1.9,-7.75,78,4),(1880,-2.6125,-7.125,79,4),(1881,-2.9625,-3.5,80,4),(1882,-3.025,-0.625,81,4),(1883,-3.2125,-1.875,82,4),(1884,-3.275,-0.625,83,4),(1885,-2.95,3.25,84,4),(1886,-1.4125,15.375,85,4),(1887,0.0250001,14.375,86,4),(1888,0.9625,9.375,87,4),(1889,1.625,6.625,88,4),(1890,2.275,6.5,89,4),(1891,2.7375,4.625,90,4),(1892,2.9375,2,91,4),(1893,3.1625,2.25,92,4),(1894,3.175,0.124998,93,4),(1895,2.8875,-2.875,94,4),(1896,2.1375,-7.5,95,4),(1897,1.5125,-6.25,96,4),(1898,0.75,-7.625,97,4),(1899,-0.2875,-10.375,98,4),(1900,-1,-7.125,99,4),(1901,-1.7,-7,100,4),(1902,-2.125,-4.25,101,4),(1903,-2.525,-4,102,4),(1904,-3.1625,-6.375,103,4),(1905,-3.5625,-4,104,4),(1906,-3.575,-0.125,105,4),(1907,-3.4375,1.375,106,4),(1908,-2.6,8.375,107,4),(1909,-1.7625,8.375,108,4),(1910,-0.8625,9,109,4),(1911,0.175,10.375,110,4),(1912,1.075,9,111,4),(1913,1.8,7.25,112,4),(1914,2.4125,6.125,113,4),(1915,2.8625,4.5,114,4),(1916,3.2,3.375,115,4),(1917,3.3,1,116,4),(1918,3.1875,-1.125,117,4),(1919,2.3875,-8,118,4),(1920,1.425,-9.625,119,4),(1921,0.55,-8.75,120,4),(1922,-0.35,-9,121,4),(1923,-1.2625,-9.125,122,4),(1924,-1.9,-6.375,123,4),(1925,-2.7125,-8.125,124,4),(1926,-3.1,-3.875,125,4),(1927,-3.2125,-1.125,126,4),(1928,-3.4375,-2.25,127,4),(1929,-3.575,-1.375,128,4),(1930,-3.2125,3.625,129,4),(1931,-2.0375,11.75,130,4),(1932,-1.6375,4,131,4),(1933,-1.2,4.375,132,4),(1934,-0.15,10.5,133,4),(1935,1.2,13.5,134,4),(1936,2.3625,11.625,135,4),(1937,2.875,5.125,136,4),(1938,3.3,4.25,137,4),(1939,3.6375,3.375,138,4),(1940,3.7875,1.50001,139,4),(1941,3.5875,-2.00001,140,4),(1942,3.175,-4.12499,141,4),(1943,2.35,-8.25,142,4),(1944,1.2,-11.5,143,4),(1945,0.0625,-11.375,144,4),(1946,-1.3875,-14.5,145,4),(1947,-2.1875,-8,146,4),(1948,-2.5625,-3.75,147,4),(1949,-3.0375,-4.75,148,4),(1950,-3.45,-4.125,149,4),(1951,-3.525,-0.75,150,4),(1952,-3.5,0.250001,151,4),(1953,-2.85,6.5,152,4),(1954,-1.9625,8.875,153,4),(1955,-1.5375,4.25,154,4),(1956,-0.7375,8,155,4),(1957,0.275,10.125,156,4),(1958,1.225,9.5,157,4),(1959,1.9375,7.125,158,4),(1960,2.55,6.125,159,4),(1961,3.0375,4.875,160,4),(1962,3.25,2.125,161,4),(1963,3.3625,1.125,162,4),(1964,3.4,0.374994,163,4),(1965,3.025,-3.75,164,4),(1966,2.6,-4.25,165,4),(1967,1.9,-7,166,4),(1968,0.825,-10.75,167,4),(1969,-0.2875,-11.125,168,4),(1970,-1.525,-12.375,169,4),(1971,-2.25,-7.25,170,4),(1972,-2.5375,-2.875,171,4),(1973,-2.875,-3.375,172,4),(1974,-3.175,-3,173,4),(1975,-3.2375,-0.625,174,4),(1976,-3.2,0.374999,175,4),(1977,-2.8,4,176,4),(1978,-2.1,7,177,4),(1979,-1.1125,9.875,178,4),(1980,0.3625,14.75,179,4),(1981,1.5375,11.75,180,4),(1982,2.0125,4.75,181,4),(1983,2.6125,6,182,4),(1984,3.0125,4,183,4),(1985,3.3125,3,184,4),(1986,3.5375,2.25,185,4),(1987,3.55,0.124998,186,4),(1988,3.2625,-2.875,187,4),(1989,1.9125,-13.5,188,4),(1990,0.7,-12.125,189,4),(1991,-0.5875,-12.875,190,4),(1992,-1.1375,-5.5,191,4),(1993,-1.7625,-6.25,192,4),(1994,-2.3125,-5.5,193,4),(1995,-2.6125,-3,194,4),(1996,-3.15,-5.375,195,4),(1997,-3.1875,-0.374999,196,4),(1998,-3.1625,0.250001,197,4),(1999,-2.775,3.875,198,4),(2000,-2.1,6.75,199,4),(2001,-1.2625,8.375,200,4),(2002,-0.3875,8.75,201,4),(2003,0.5375,9.25,202,4),(2004,1.2875,7.5,203,4),(2005,2.15,8.625,204,4),(2006,2.7625,6.125,205,4),(2007,3.05,2.875,206,4),(2008,3.2,1.5,207,4),(2009,3.2,0,208,4),(2010,2.7375,-4.625,209,4),(2011,1.4125,-13.25,210,4),(2012,0,-14.125,211,4),(2013,-1.425,-14.25,212,4),(2014,-2.1875,-7.625,213,4),(2015,-2.675,-4.875,214,4),(2016,-3.075,-4,215,4),(2017,-3.4,-3.25,216,4),(2018,-3.7,-3,217,4),(2019,-3.725,-0.249999,218,4),(2020,-3.45,2.75,219,4),(2021,-2.5875,8.625,220,4),(2022,-1.9,6.875,221,4),(2023,-0.725,11.75,222,4),(2024,0.675,14,223,4),(2025,1.4,7.25,224,4),(2026,2.1,7,225,4),(2027,2.6,5,226,4),(2028,3.0625,4.625,227,4),(2029,3.4875,4.25,228,4),(2030,3.5375,0.500002,229,4),(2031,3.5125,-0.250006,230,4),(2032,2.8875,-6.25,231,4),(2033,2.3625,-5.25,232,4),(2034,1.4625,-9,233,4),(2035,-0.175,-16.375,234,4),(2036,-1.5375,-13.625,235,4),(2037,-2.075,-5.375,236,4),(2038,-2.5625,-4.875,237,4),(2039,-3.1125,-5.5,238,4),(2040,-3.4,-2.875,239,4),(2041,-3.6,-2,240,4),(2042,-4.0625,-4.625,241,4),(2043,-3.9375,1.25,242,4),(2044,-3.3625,5.75,243,4),(2045,-2.7875,5.75,244,4),(2046,-1.55,12.375,245,4),(2047,0.5,20.5,246,4),(2048,1.8875,13.875,247,4),(2049,2.75,8.625,248,4),(2050,3.175,4.25,249,4),(2051,3.6375,4.625,250,4),(2052,3.775,1.375,251,4),(2053,3.775,0,252,4),(2054,3.475,-2.99999,253,4),(2055,2.9625,-5.125,254,4),(2056,2.025,-9.375,255,4),(2057,1.0625,-9.625,256,4),(2058,0.0749998,-9.875,257,4),(2059,-1,-10.75,258,4),(2060,-2.075,-10.75,259,4),(2061,-2.6875,-6.125,260,4),(2062,-2.85,-1.625,261,4),(2063,-3.0375,-1.875,262,4),(2064,-3.25,-2.125,263,4),(2065,-3.425,-1.75,264,4),(2066,-3.4,0.249999,265,4),(2067,-2.7375,6.625,266,4),(2068,-2.3875,3.5,267,4),(2069,-1.25,11.375,268,4),(2070,-0.1375,11.125,269,4),(2071,0.875,10.125,270,4),(2072,1.7375,8.625,271,4),(2073,2.325,5.875,272,4),(2074,2.625,3,273,4),(2075,2.95,3.25,274,4),(2076,3.2625,3.125,275,4),(2077,3.4125,1.50001,276,4),(2078,3.275,-1.37501,277,4),(2079,2.375,-9,278,4),(2080,1.6125,-7.625,279,4),(2081,1.1125,-5,280,4),(2082,0.4375,-6.75,281,4),(2083,-0.175,-6.125,282,4),(2084,-1.3125,-11.375,283,4),(2085,-2.4875,-11.75,284,4),(2086,-2.775,-2.875,285,4),(2087,-2.85,-0.749998,286,4),(2088,-3.05,-2,287,4),(2089,-3.0625,-0.125,288,4),(2090,-3.025,0.374999,289,4),(2091,-2.45,5.75,290,4),(2092,-1.2375,12.125,291,4),(2093,-0.2875,9.5,292,4),(2094,0.8,10.875,293,4),(2095,1.5875,7.875,294,4),(2096,2.425,8.375,295,4),(2097,2.8125,3.875,296,4),(2098,2.9375,1.25,297,4),(2099,3.1,1.625,298,4),(2100,3.1625,0.625,299,4),(2101,3.0125,-1.50001,300,4),(2102,1.8875,-11.25,301,4),(2103,0.725,-11.625,302,4),(2104,0.0999999,-6.25,303,4),(2105,-0.525,-6.25,304,4),(2106,-1.2625,-7.375,305,4),(2107,-1.8625,-6,306,4),(2108,-2.4875,-6.25,307,4),(2109,-2.825,-3.375,308,4),(2110,-3.1,-2.75,309,4),(2111,-3.1875,-0.875001,310,4),(2112,-3.1625,0.250001,311,4),(2113,-2.7625,4,312,4),(2114,-1.8625,9,313,4),(2115,-0.7375,11.25,314,4),(2116,0.775,15.125,315,4),(2117,1.6875,9.125,316,4),(2118,2.275,5.875,317,4),(2119,2.7875,5.125,318,4),(2120,3.3,5.125,319,4),(2121,3.5,2,320,4),(2122,3.5375,0.375004,321,4),(2123,3.45,-0.875006,322,4),(2124,2.5125,-9.375,323,4),(2125,1.1125,-14,324,4),(2126,-0.2375,-13.5,325,4),(2127,-1.1875,-9.5,326,4),(2128,-2.0875,-9,327,4),(2129,-2.625,-5.375,328,4),(2130,-3.125,-5,329,4),(2131,-3.475,-3.5,330,4),(2132,-3.7625,-2.875,331,4),(2133,-3.8,-0.374999,332,4),(2134,-3.7875,0.125,333,4),(2135,-3.1125,6.75,334,4),(2136,-2.0875,10.25,335,4),(2137,-1.025,10.625,336,4),(2138,0.2875,13.125,337,4),(2139,1.3875,11,338,4),(2140,2.25,8.625,339,4),(2141,2.725,4.75,340,4),(2142,3.05,3.25,341,4),(2143,3.2625,2.125,342,4),(2144,3.275,0.124998,343,4),(2145,3.1875,-0.874996,344,4),(2146,2.5875,-6,345,4),(2147,2.325,-2.625,346,4),(2148,1.7,-6.25,347,4),(2149,0.2125,-14.875,348,4),(2150,-0.8,-10.125,349,4),(2151,-1.575,-7.75,350,4),(2152,-2.1875,-6.125,351,4),(2153,-2.7125,-5.25,352,4),(2154,-3.15,-4.375,353,4),(2155,-3.4875,-3.375,354,4),(2156,-3.8,-3.125,355,4),(2157,-4.0625,-2.625,356,4),(2158,-4.0875,-0.250001,357,4),(2159,-3.2875,8,358,4),(2160,-1.7,15.875,359,4),(2161,-0.7125,9.875,360,4),(2162,0.6625,13.75,361,4),(2163,2.4,17.375,362,4),(2164,3.375,9.75,363,4),(2165,3.75,3.75,364,4),(2166,3.9125,1.625,365,4),(2167,3.9625,0.499992,366,4),(2168,4,0.375004,367,4),(2169,3.975,-0.249996,368,4),(2170,3.1625,-8.125,369,4),(2171,2.0625,-11,370,4),(2172,1.4,-6.625,371,4),(2173,0.7125,-6.875,372,4),(2174,-0.1875,-9,373,4),(2175,-1.3,-11.125,374,4),(2176,-2.4875,-11.875,375,4),(2177,-2.9625,-4.75,376,4),(2178,-3.25,-2.875,377,4),(2179,-3.5625,-3.125,378,4),(2180,-3.75,-1.875,379,4),(2181,-3.8125,-0.625,380,4),(2182,-3.75,0.625,381,4),(2183,-2.6125,11.375,382,4),(2184,-1.375,12.375,383,4),(2185,-0.5875,7.875,384,4),(2186,0.4625,10.5,385,4),(2187,1.075,6.125,386,4),(2188,1.7625,6.875,387,4),(2189,2.6625,9,388,4),(2190,3.3,6.375,389,4),(2191,3.55,2.5,390,4),(2192,3.7,1.5,391,4),(2193,3.7125,0.124998,392,4),(2194,3.1875,-5.25,393,4),(2195,2.4625,-7.25,394,4),(2196,1.9125,-5.5,395,4),(2197,0.575,-13.375,396,4),(2198,-1.1,-16.75,397,4),(2199,-1.95,-8.5,398,4),(2200,-2.6875,-7.375,399,4),(2201,-3.1125,-4.25,400,4),(2202,-3.475,-3.625,401,4),(2203,-3.825,-3.5,402,4),(2204,-3.925,-0.999999,403,4),(2205,-3.925,0,404,4),(2206,-3.2125,7.125,405,4),(2207,-2.35,8.625,406,4),(2208,-1.8,5.5,407,4),(2209,-0.975,8.25,408,4),(2210,-0.3875,5.875,409,4),(2211,0.4875,8.75,410,4),(2212,1.5375,10.5,411,4),(2213,2.4,8.625,412,4),(2214,2.925,5.25,413,4),(2215,3.3,3.75,414,4),(2216,3.5125,2.125,415,4),(2217,3.575,0.625,416,4),(2218,3.2875,-2.87499,417,4),(2219,2.575,-7.12501,418,4),(2220,1.7,-8.75,419,4),(2221,1.125,-5.75,420,4),(2222,0.4125,-7.125,421,4),(2223,-0.625,-10.375,422,4),(2224,-1.65,-10.25,423,4),(2225,-2.35,-7,424,4),(2226,-2.7375,-3.875,425,4),(2227,-3.2,-4.625,426,4),(2228,-3.4875,-2.875,427,4),(2229,-3.6625,-1.75,428,4),(2230,-3.6625,0,429,4),(2231,-3.225,4.375,430,4),(2232,-2.4875,7.375,431,4),(2233,-1.625,8.625,432,4),(2234,-0.225,14,433,4),(2235,0.8875,11.125,434,4),(2236,1.6,7.125,435,4),(2237,2.1625,5.625,436,4),(2238,2.95,7.875,437,4),(2239,3.4875,5.375,438,4),(2240,3.7625,2.75,439,4),(2241,3.775,0.124998,440,4),(2242,3.7,-0.749998,441,4),(2243,3.05,-6.5,442,4),(2244,2,-10.5,443,4),(2245,1.35,-6.5,444,4),(2246,0.425,-9.25,445,4),(2247,-0.8375,-12.625,446,4),(2248,-1.95,-11.125,447,4),(2249,-2.75,-8,448,4),(2250,-3.1375,-3.875,449,4),(2251,-3.45,-3.125,450,4),(2252,-3.7375,-2.875,451,4),(2253,-3.85,-1.125,452,4),(2254,-3.8375,0.124998,453,4),(2255,-3.15,6.875,454,4),(2256,-2.3375,8.125,455,4),(2257,-1.5375,8,456,4),(2258,-0.125,14.125,457,4),(2259,0.7625,8.875,458,4),(2260,1.4625,7,459,4),(2261,2.5,10.375,460,4),(2262,2.8875,3.875,461,4),(2263,3.175,2.875,462,4),(2264,3.3875,2.125,463,4),(2265,3.45,0.625,464,4),(2266,3.425,-0.249996,465,4),(2267,2.875,-5.5,466,4),(2268,1.3375,-15.375,467,4),(2269,0.3,-10.375,468,4),(2270,-0.7125,-10.125,469,4),(2271,-1.5875,-8.75,470,4),(2272,-2.4375,-8.5,471,4),(2273,-2.925,-4.875,472,4),(2274,-3.3375,-4.125,473,4),(2275,-3.7,-3.625,474,4),(2276,-3.9875,-2.875,475,4),(2277,-4,-0.125,476,4),(2278,-3.7125,2.875,477,4),(2279,-2.7875,9.25,478,4),(2280,-2.0375,7.5,479,4),(2281,-0.575,14.625,480,4),(2282,0.825,14,481,4),(2283,1.925,11,482,4),(2284,2.8,8.75,483,4),(2285,3.25,4.5,484,4),(2286,3.65,4,485,4),(2287,3.775,1.25,486,4),(2288,3.75,-0.249996,487,4),(2289,3.0875,-6.625,488,4),(2290,2.35,-7.375,489,4),(2291,1.3875,-9.625,490,4),(2292,0.4125,-9.75,491,4),(2293,-0.65,-10.625,492,4),(2294,-1.675,-10.25,493,4),(2295,-2.2625,-5.875,494,4),(2296,-2.7,-4.375,495,4),(2297,-3.0375,-3.375,496,4),(2298,-3.3125,-2.75,497,4),(2299,-3.7375,-4.25,498,4),(2300,-3.8125,-0.75,499,4),(2301,-3.6625,1.5,500,4),(2302,-3.0375,6.25,501,4),(2303,-2.3375,7,502,4),(2304,-1.2375,11,503,4),(2305,0.7125,19.5,504,4),(2306,1.65,9.375,505,4),(2307,2.35,7,506,4),(2308,3.075,7.25,507,4),(2309,3.4125,3.37501,508,4),(2310,3.6375,2.24999,509,4),(2311,3.65,0.124998,510,4),(2312,3.0875,-5.625,511,4),(2313,2.4125,-6.75,512,4),(2314,1.9,-5.125,513,4),(2315,1.0625,-8.375,514,4),(2316,-0.575,-16.375,515,4),(2317,-2.025,-14.5,516,4),(2318,-2.45,-4.25,517,4),(2319,-2.6625,-2.125,518,4),(2320,-3.05,-3.875,519,4),(2321,-3.425,-3.75,520,4),(2322,-3.55,-1.25,521,4),(2323,-3.4875,0.625,522,4),(2324,-3.225,2.625,523,4),(2325,-2.7875,4.375,524,4),(2326,-2.325,4.625,525,4),(2327,-1.4375,8.875,526,4),(2328,0.0875001,15.25,527,4),(2329,1.1875,11,528,4),(2330,1.9375,7.5,529,4),(2331,2.65,7.125,530,4),(2332,3.1875,5.375,531,4),(2333,3.5625,3.75,532,4),(2334,3.7,1.375,533,4),(2335,3.6875,-0.124998,534,4),(2336,2.9,-7.875,535,4),(2337,1.8875,-10.125,536,4),(2338,1.0875,-8,537,4),(2339,0.2375,-8.5,538,4),(2340,-0.95,-11.875,539,4),(2341,-2.15,-12,540,4),(2342,-2.8,-6.5,541,4),(2343,-3.2125,-4.125,542,4),(2344,-3.6,-3.875,543,4),(2345,-3.95,-3.5,544,4),(2346,-3.9875,-0.374999,545,4),(2347,-3.7375,2.5,546,4),(2348,-2.7625,9.75,547,4),(2349,-1.7375,10.25,548,4),(2350,-0.1125,16.25,549,4),(2351,1.1125,12.25,550,4),(2352,2.2,10.875,551,4),(2353,2.775,5.75,552,4),(2354,3.275,5,553,4),(2355,3.5875,3.125,554,4),(2356,3.8125,2.25,555,4),(2357,3.825,0.124998,556,4),(2358,3.3375,-4.875,557,4),(2359,2.325,-10.125,558,4),(2360,1.3125,-10.125,559,4),(2361,0.35,-9.625,560,4),(2362,-0.45,-8,561,4),(2363,-1.425,-9.75,562,4),(2364,-2.1625,-7.375,563,4),(2365,-2.4,-2.375,564,4),(2366,-2.7625,-3.625,565,4),(2367,-3.0875,-3.25,566,4),(2368,-3.4,-3.125,567,4),(2369,-3.625,-2.25,568,4),(2370,-3.375,2.5,569,4),(2371,-2.7125,6.625,570,4),(2372,-1.8875,8.25,571,4),(2373,-1.275,6.125,572,4),(2374,-0.15,11.25,573,4),(2375,0.8125,9.625,574,4),(2376,1.9625,11.5,575,4),(2377,2.6875,7.25,576,4),(2378,3.1625,4.75,577,4),(2379,3.6,4.375,578,4),(2380,3.6625,0.625,579,4),(2381,3.575,-0.875006,580,4),(2382,2.9125,-6.625,581,4),(2383,2.1375,-7.75,582,4),(2384,1.4,-7.375,583,4),(2385,0.575,-8.25,584,4),(2386,-0.425,-10,585,4),(2387,-1.3625,-9.375,586,4),(2388,-1.6875,-3.25,587,4),(2389,-2.275,-5.875,588,4),(2390,-2.875,-6,589,4),(2391,-3.3125,-4.375,590,4),(2392,-3.7,-3.875,591,4),(2393,-3.825,-1.25,592,4),(2394,-3.7625,0.625,593,4),(2395,-3.2,5.625,594,4),(2396,-2.4,8,595,4),(2397,-1.5625,8.375,596,4),(2398,-0.775,7.875,597,4),(2399,0.3875,11.625,598,4),(2400,1.8,14.125,599,4);
/*!40000 ALTER TABLE `SignatureElement` ENABLE KEYS */;
UNLOCK TABLES;

--
-- Table structure for table `Signatures`
--

DROP TABLE IF EXISTS `Signatures`;
/*!40101 SET @saved_cs_client     = @@character_set_client */;
/*!40101 SET character_set_client = utf8 */;
CREATE TABLE `Signatures` (
  `ID` int(11) NOT NULL AUTO_INCREMENT,
  `dateRecord` date DEFAULT NULL,
  `idHumanPlayer` int(11) DEFAULT NULL,
  PRIMARY KEY (`ID`),
  KEY `FK_oxh8hhhfompveoifc4pmq2jme` (`idHumanPlayer`),
  CONSTRAINT `FK_oxh8hhhfompveoifc4pmq2jme` FOREIGN KEY (`idHumanPlayer`) REFERENCES `HumanPlayer` (`ID`)
) ENGINE=InnoDB AUTO_INCREMENT=5 DEFAULT CHARSET=utf16;
/*!40101 SET character_set_client = @saved_cs_client */;

--
-- Dumping data for table `Signatures`
--

LOCK TABLES `Signatures` WRITE;
/*!40000 ALTER TABLE `Signatures` DISABLE KEYS */;
INSERT INTO `Signatures` VALUES (1,'2016-06-08',3135),(2,'2016-06-08',3800),(3,'2016-06-08',3126),(4,'2016-06-08',3791);
/*!40000 ALTER TABLE `Signatures` ENABLE KEYS */;
UNLOCK TABLES;
/*!40103 SET TIME_ZONE=@OLD_TIME_ZONE */;

/*!40101 SET SQL_MODE=@OLD_SQL_MODE */;
/*!40014 SET FOREIGN_KEY_CHECKS=@OLD_FOREIGN_KEY_CHECKS */;
/*!40014 SET UNIQUE_CHECKS=@OLD_UNIQUE_CHECKS */;
/*!40101 SET CHARACTER_SET_CLIENT=@OLD_CHARACTER_SET_CLIENT */;
/*!40101 SET CHARACTER_SET_RESULTS=@OLD_CHARACTER_SET_RESULTS */;
/*!40101 SET COLLATION_CONNECTION=@OLD_COLLATION_CONNECTION */;
/*!40111 SET SQL_NOTES=@OLD_SQL_NOTES */;

-- Dump completed on 2016-06-08 23:21:12
